ID,filename,growth_stage_F,growth_stage_M,growth_stage_S,growth_stage_V,damage_DR,damage_DS,damage_FD,damage_G,damage_ND,damage_PS,damage_WD,damage_WN,season_LR2020,season_LR2021,season_SR2020,season_SR2021
ID_4UL1Y45UIA,L406F02506C39S13181Rp34471.jpg,0,0,1,0,0,0,0,1,0,0,0,0,0,0,0,1
ID_UYM63DFHU4,L1153F00627C39S12032Rp36396.jpg,1,0,0,0,0,0,0,1,0,0,0,0,0,0,0,1
ID_WGDPA3WZ06,L428F02102C03S09325Rp20143.jpg,0,0,0,1,0,0,0,0,0,0,1,0,0,1,0,0
ID_CLWBZAXFNW,L415F02316C01S04232Ip.jpg,0,0,1,0,0,0,0,1,0,0,0,0,0,0,1,0
ID_YB9HBOE212,L1093F01350C01S00984Rp00493.jpg,0,0,0,1,0,0,0,0,0,0,1,0,0,0,1,0
ID_O23GHXXUJQ,L365F02380C01S05708Rp12792.jpg,0,1,0,0,0,0,0,1,0,0,0,0,0,0,1,0
ID_N0LMKZ79JM,L221F01253C01S08469Rp28981.jpg,0,1,0,0,0,0,0,1,0,0,0,0,0,1,0,0
ID_TVM1M3GB2A,L131F03900C01S01627Rp12770.jpg,0,1,0,0,0,0,0,0,0,0,1,0,0,0,1,0
ID_BR80Z4QINR,L428F00216C02S09483Rp26612.jpg,0,0,0,1,1,0,0,0,0,0,0,0,0,1,0,0
ID_7G2CE5VRGK,L1083F00553C39S12647Rp39272.jpg,1,0,0,0,1,0,0,0,0,0,0,0,0,0,0,1
ID_EH24FI7BOS,L1123F03281C39S11921Rp35692.jpg,1,0,0,0,0,0,0,1,0,0,0,0,0,0,0,1
ID_3DQRO4PV4B,L415F04518C39S12708Ip.jpg,0,0,1,0,0,0,0,1,0,0,0,0,0,0,0,1
ID_MAHGV0BH09,L398F01276C39S14213Ip.jpg,0,0,1,0,0,0,0,1,0,0,0,0,0,0,0,1
ID_EFHWEI960G,L406F00105C01S14393Rp35625.jpg,0,0,1,0,0,0,0,1,0,0,0,0,0,0,0,1
ID_823WBDNQVX,L222F03152C42S12803Rp34511.jpg,0,0,0,1,0,0,0,0,0,0,1,0,0,0,0,1
ID_C8KRDW03XT,L354F00296C01S02546Rp12284.jpg,0,1,0,0,0,0,0,1,0,0,0,0,0,0,1,0
ID_8G4218Y1ED,L992F04379C01S07408Rp16352.jpg,0,0,0,1,0,0,0,0,0,0,1,0,0,1,0,0
ID_D698PX7RID,177_repeat_2_1042_5360_3731.JPG,0,1,0,0,0,0,0,0,0,0,1,0,1,0,0,0
ID_OS8VPOEUCT,L376F02360C39S14798Dp46479.jpg,0,0,0,1,1,0,0,0,0,0,0,0,0,0,0,1
ID_6R5HJDTLTX,L125F01072C01S13941Rp47271.jpg,0,1,0,0,0,0,0,0,0,0,1,0,0,0,0,1
ID_7XC4YNA8ZA,L124F02606C01S01208Rp00731.jpg,0,0,0,1,0,0,0,1,0,0,0,0,0,0,1,0
ID_ZKO4D3R3XJ,L222F01391C01S06822Rp17229.jpg,0,0,0,1,0,0,0,1,0,0,0,0,0,1,0,0
ID_1DZ33RZ9KV,L1089F00507C39S11590Rp34080.jpg,0,0,0,1,0,0,0,0,0,0,1,0,0,0,0,1
ID_RTYR4HGSUB,L1155F04258C39S11900Rp32841.jpg,0,0,0,1,0,0,0,0,0,0,1,0,0,0,0,1
ID_ASF8Y0IE2V,L141F03538C01S09313Rp29457.jpg,0,1,0,0,1,0,0,0,0,0,0,0,0,1,0,0
ID_69E01FPRRL,228_repeat_2_1209_4571_2958.JPG,1,0,0,0,0,0,0,0,1,0,0,0,1,0,0,0
ID_6C1MFLJI19,L376F03217C40S14801Dp46495.jpg,1,0,0,0,1,0,0,0,0,0,0,0,0,0,0,1
ID_VHICTSIXI7,L1122F04427C01S09914Rp16328.jpg,0,0,0,1,0,0,0,0,0,1,0,0,0,1,0,0
ID_0IHUF9KDAO,L398F01276C01S03717Rp15001.jpg,0,1,0,0,1,0,0,0,0,0,0,0,0,0,1,0
ID_WBGK2LIPGY,L428F01873C01S03312Ip.jpg,0,0,1,0,0,0,0,0,0,0,1,0,0,0,1,0
ID_BSH0NDGMHG,221_repeat_2_1107_4102_2674.JPG,0,1,0,0,0,0,0,0,0,0,1,0,1,0,0,0
ID_0XV8OVXKTK,L376F00307C39S14383Dp44093.jpg,0,0,0,1,0,0,0,0,0,0,1,0,0,0,0,1
ID_1BNIQS8557,L1116F01107C39S12535Rp38176.jpg,0,1,0,0,1,0,0,0,0,0,0,0,0,0,0,1
ID_HJHV6Q8ZX0,L406F00105C01S00604Rp06759.jpg,1,0,0,0,0,0,0,0,0,0,1,0,0,0,1,0
ID_RCVIUMBBC2,L133F01736C01S06952Rp15537.jpg,0,0,0,1,0,0,0,0,0,0,1,0,0,1,0,0
ID_P3VVTJ2MA5,L221F00336C39S13054Rp37807.jpg,0,0,0,1,0,0,0,1,0,0,0,0,0,0,0,1
ID_140J5Z4GNW,L331F04183C01S04229Rp10460.jpg,0,1,0,0,0,0,0,0,0,0,1,0,0,0,1,0
ID_VWI3W4E3TP,L133F00494C01S07886Rp20835.jpg,0,0,0,1,0,0,0,0,0,0,1,0,0,1,0,0
ID_HZT3Y460PT,L429F02195C01S08186Rp23217.jpg,0,0,0,1,0,0,0,1,0,0,0,0,0,1,0,0
ID_Y1TO9C7M9Q,L1146F01089C39S12681Ip.jpg,0,0,0,1,0,0,0,1,0,0,0,0,0,0,0,1
ID_Y989O1Y767,L141F01250C39S12824Rp34609.jpg,0,0,1,0,0,0,0,1,0,0,0,0,0,0,0,1
ID_7V9RNU3NAR,L1150F01808C01S10141Rp21030.jpg,0,0,0,1,0,0,0,1,0,0,0,0,0,1,0,0
ID_48K9VW4U3W,L222F03300C01S03028Rp11995.jpg,0,1,0,0,0,0,0,1,0,0,0,0,0,0,1,0
ID_962SLQ1ODK,L992F04383C01S07260Rp15238.jpg,0,0,0,1,0,0,0,1,0,0,0,0,0,1,0,0
ID_SHQCWBJQ8Y,L1093F00964C01S07208Rp21893.jpg,1,0,0,0,0,0,0,0,0,0,1,0,0,1,0,0
ID_44HSAP5NT7,L1094F04312C01S07061Rp19182.jpg,0,0,0,1,0,0,0,1,0,0,0,0,0,1,0,0
ID_EA52BZ1IJL,L410F03421C01S03191Rp10898.jpg,1,0,0,0,0,0,0,0,0,0,1,0,0,0,1,0
ID_U2S1NU5G05,L1102F02447C39S11688Ip.jpg,0,0,0,1,0,0,0,1,0,0,0,0,0,0,0,1
ID_VTEX172UID,L428F03464C01S03645Rp01140.jpg,0,0,1,0,0,0,0,1,0,0,0,0,0,0,1,0
ID_VIRKL17E5J,L232F01898C03S07664Rp31117.jpg,0,1,0,0,1,0,0,0,0,0,0,0,0,1,0,0
ID_T7S2Y9ORYW,L361F01590C01S02626Rp07746.jpg,0,0,0,1,0,0,0,0,0,0,1,0,0,0,1,0
ID_S6AWGNNIZZ,L415F01023C01S04489Rp11463.jpg,0,0,0,1,0,0,0,0,0,0,1,0,0,0,1,0
ID_N5BUHXC2TX,L144F01202C01S01090Rp13589.jpg,0,1,0,0,1,0,0,0,0,0,0,0,0,0,1,0
ID_6XW3TZCPJM,L433F01163C01S01698Rp09272.jpg,1,0,0,0,0,0,0,1,0,0,0,0,0,0,1,0
ID_XVDMFZJ17Z,L354F00736C01S02829Ip.jpg,0,0,0,1,0,0,0,0,0,0,1,0,0,0,1,0
ID_5E6KCPXJRF,L222F02422C39S12800Rp33470.jpg,0,0,1,0,0,0,0,0,0,0,1,0,0,0,0,1
ID_4EB7J7NHOX,L134F04021C01S08193Rp25131.jpg,0,1,0,0,1,0,0,0,0,0,0,0,0,1,0,0
ID_M6IDNDBIQR,L371F00110C39S12167Rp45588.jpg,1,0,0,0,0,0,0,1,0,0,0,0,0,0,0,1
ID_8SWQAKCJQ3,L125F00911C01S13585Rp44650.jpg,1,0,0,0,0,0,0,1,0,0,0,0,0,0,0,1
ID_7HE6JWN8NU,L1094F04267C01S08413Rp16829.jpg,0,0,0,1,0,0,0,0,0,0,1,0,0,1,0,0
ID_H9BSFYUZID,L410F02818C39S12340Ip.jpg,0,0,1,0,0,0,0,1,0,0,0,0,0,0,0,1
ID_FKC93FVGL1,L134F00855C01S05273Rp06412.jpg,0,0,0,1,0,0,0,0,0,0,1,0,0,0,1,0
ID_3V97RUE1TP,L342F02139C39S14508Ip.jpg,0,0,0,1,0,0,0,1,0,0,0,0,0,0,0,1
ID_12UDB9PND7,L353F02184C39S12257Rp45073.jpg,0,1,0,0,1,0,0,0,0,0,0,0,0,0,0,1
ID_YBAL5ZRF9G,L341F02998C01S08091Rp22999.jpg,0,1,0,0,0,0,0,0,0,0,1,0,0,1,0,0
ID_32KEZKVZLM,L323F00907C01S07702Rp15335.jpg,0,0,0,1,0,0,0,1,0,0,0,0,0,1,0,0
ID_DCROTD6MAE,L1084F02327C39S11536Rp36611.jpg,1,0,0,0,0,0,0,0,0,0,1,0,0,0,0,1
ID_8R8V50ZHUK,L222F00999C39S14318Rp40335.jpg,1,0,0,0,0,0,0,0,0,0,1,0,0,0,0,1
ID_RM0B0BS1P9,L1089F02358C39S11531Ip.jpg,0,0,0,1,0,0,0,0,0,0,1,0,0,0,0,1
ID_KC3QAEXRAM,L1093F01223C39S11946Ip.jpg,0,0,0,1,0,0,0,0,0,0,1,0,0,0,0,1
ID_13GQUDN90M,L311F03565C01S00951Rp06766.jpg,0,1,0,0,1,0,0,0,0,0,0,0,0,0,1,0
ID_XIRZXHK35O,L1133F01269C01S07403Rp30127.jpg,1,0,0,0,1,0,0,0,0,0,0,0,0,1,0,0
ID_XUA9WR9PEF,L1089F04702C01S08076Rp16504.jpg,0,0,0,1,0,0,0,1,0,0,0,0,0,1,0,0
ID_1IEZJ25XZL,L332F02583C01S09105Rp30448.jpg,0,1,0,0,1,0,0,0,0,0,0,0,0,1,0,0
ID_G3PPFD9IRQ,L314F03155C01S04397Ip.jpg,1,0,0,0,0,0,0,0,0,0,1,0,0,0,1,0
ID_E0SM2QU2SN,214_repeat_2_2417_6060_4426.JPG,0,1,0,0,0,0,0,0,1,0,0,0,1,0,0,0
ID_X7QWR2UNOW,L113F01556C01S10043Rp20110.jpg,0,0,0,1,0,0,0,0,0,1,0,0,0,1,0,0
ID_5W7VVAYM84,L1133F00048C01S07401Rp24450.jpg,0,1,0,0,0,0,0,0,0,0,1,0,0,1,0,0
ID_FN83YQMWM7,L141F01443C39S12552Rp38844.jpg,0,0,0,1,0,0,0,0,0,0,1,0,0,0,0,1
ID_QZIY1L9I5N,L1132F04295C01S07514Rp28809.jpg,1,0,0,0,1,0,0,0,0,0,0,0,0,1,0,0
ID_0FGNJPKI69,L222F03216C39S14648Ip.jpg,0,0,1,0,0,0,0,0,0,0,1,0,0,0,0,1
ID_S1SXLNJO9E,L1149F01201C39S11828Rp36936.jpg,0,1,0,0,0,0,0,0,0,0,1,0,0,0,0,1
ID_XMX5IVR965,L133F00399C01S05314Rp10976.jpg,0,1,0,0,0,0,0,1,0,0,0,0,0,0,1,0
ID_T7IE7WWGWE,L144F01015C03S08786Rp19899.jpg,0,0,0,1,0,0,0,0,0,0,1,0,0,1,0,0
ID_6B39W5MFL2,L1133F00048C39S12412Rp35015.jpg,1,0,0,0,0,0,0,0,0,0,1,0,0,0,0,1
ID_JGJ8E1WOGC,L1153F01742C39S13456Ip.jpg,0,0,0,1,0,0,0,1,0,0,0,0,0,0,0,1
ID_3EBFGLXASZ,L361F02344C39S14061Rp37264.jpg,0,0,0,1,0,0,0,0,0,0,1,0,0,0,0,1
ID_2ECPYIR5HP,L361F03180C39S14447Rp35664.jpg,0,0,1,0,0,0,0,0,0,0,1,0,0,0,0,1
ID_5D8SCQBCBI,L353F01878C02S07807Rp18126.jpg,0,0,0,1,0,0,0,0,1,0,0,0,0,1,0,0
ID_12C25157GI,L133F00087C01S02744Rp06202.jpg,0,0,0,1,0,0,0,1,0,0,0,0,0,0,1,0
ID_JJAS4U2WZC,L429F03126C01S08196Rp21283.jpg,0,0,0,1,0,0,0,0,0,0,1,0,0,1,0,0
ID_ASKTI9IO0S,L435F01105C01S04540Rp04748.jpg,0,0,0,1,0,0,0,1,0,0,0,0,0,0,1,0
ID_YBGPIGIDYZ,L1122F04428C39S11776Rp32850.jpg,0,0,0,1,1,0,0,0,0,0,0,0,0,0,0,1
ID_M3G1CY94J3,L241F04700C01S06983Rp19328.jpg,0,0,0,1,0,0,0,1,0,0,0,0,0,1,0,0
ID_SSIT9CYF6F,L1090F02423C39S11881Ip.jpg,0,0,0,1,0,0,0,1,0,0,0,0,0,0,0,1
ID_GNA558EQNS,L121F02084C39S12976Ip.jpg,0,0,1,0,0,0,0,1,0,0,0,0,0,0,0,1
ID_KDUIZ3KU9K,L433F02057C39S14347Rp34264.jpg,0,0,1,0,0,0,0,1,0,0,0,0,0,0,0,1
ID_2D7D7I1FMX,L406F01517C01S01357Rp03375.jpg,0,0,0,1,0,0,0,1,0,0,0,0,0,0,1,0
ID_UU5LKJZR4W,L371F04440C01S10932Rp31856.jpg,0,0,1,0,0,0,0,1,0,0,0,0,0,1,0,0
ID_B9SJU72C3R,L415F04516C01S09302Rp21801.jpg,1,0,0,0,0,0,0,1,0,0,0,0,0,1,0,0
ID_IGNLWWXQV4,L365F01070C39S12464Rp35462.jpg,0,0,0,1,0,0,0,0,0,0,1,0,0,0,0,1
ID_Q83801ULC2,L373F00368C01S04434Ip.jpg,0,1,0,0,0,0,0,1,0,0,0,0,0,0,1,0
ID_SAPRMK1XWC,L1083F02873C01S00280Rp02038.jpg,0,0,0,1,0,0,0,1,0,0,0,0,0,0,1,0
ID_QITRSLXGKL,L415F01178C39S14441Ip.jpg,0,0,1,0,0,0,0,1,0,0,0,0,0,0,0,1
ID_Z4P6QNF8BG,L428F00404C39S12398Rp47708.jpg,0,1,0,0,1,0,0,0,0,0,0,0,0,0,0,1
ID_PMYQNAN1FP,L1095F01453C01S00474Rp01983.jpg,0,1,0,0,1,0,0,0,0,0,0,0,0,0,1,0
ID_ADJV3TWRCT,L429F04540C01S07303Rp20360.jpg,0,0,0,1,0,0,0,1,0,0,0,0,0,1,0,0
ID_FJ7X0X8F13,L378F02820C39S12292Rp43080.jpg,0,0,0,1,0,0,0,0,0,0,1,0,0,0,0,1
ID_8K5UMDOCYL,L1094F04345C39S12068Rp36657.jpg,0,1,0,0,0,0,0,0,0,0,1,0,0,0,0,1
ID_9JRNPLPCNA,246_repeat_2_1386_3233_2073.JPG,1,0,0,0,0,0,0,1,0,0,0,0,1,0,0,0
ID_ADUL7S3D7H,L221F00237C39S13345Rp38674.jpg,0,0,0,1,0,0,0,1,0,0,0,0,0,0,0,1
ID_4YY6RWXRKA,L221F00396C01S08482Rp28943.jpg,0,1,0,0,0,0,0,0,0,0,1,0,0,1,0,0
ID_P5TKXNIMIY,L323F03075C01S01451Rp05328.jpg,0,0,0,1,0,0,0,1,0,0,0,0,0,0,1,0
ID_KYXG0ZKFN8,L1136F01393C39S11659Ip.jpg,0,0,0,1,0,0,0,0,0,0,1,0,0,0,0,1
ID_H2OAL6O3ML,L341F01861C01S00985Rp11572.jpg,0,1,0,0,1,0,0,0,0,0,0,0,0,0,1,0
ID_9BH9W3IFU4,L222F02422C01S06830Rp15493.jpg,0,0,0,1,0,0,0,0,0,0,1,0,0,1,0,0
ID_2J6LLSXOL2,L323F03196C01S07824Rp26328.jpg,0,1,0,0,0,0,0,1,0,0,0,0,0,1,0,0
ID_TRYAEOVSH5,L221F00412C39S14767Ip.jpg,0,0,0,1,0,0,0,0,0,0,1,0,0,0,0,1
ID_566MSDY7IC,217_initial_1_2051_2051.JPG,0,0,0,1,0,0,0,1,0,0,0,0,1,0,0,0
ID_BIO5EXX9ZD,L121F00076C01S07374Rp15707.jpg,0,0,1,0,0,0,0,0,0,0,1,0,0,1,0,0
ID_YAYYD85SZL,L1084F00574C39S11535Ip.jpg,0,0,0,1,0,0,0,0,0,0,1,0,0,0,0,1
ID_5484AC7FMW,L1133F03173C39S12668Ip.jpg,0,0,0,1,0,0,0,1,0,0,0,0,0,0,0,1
ID_Z86DJRUT92,L331F04171C01S07689Rp21715.jpg,1,0,0,0,0,0,0,1,0,0,0,0,0,1,0,0
ID_5CYW2TLK87,L113F00071C01S07192Rp26977.jpg,0,1,0,0,0,0,0,1,0,0,0,0,0,1,0,0
ID_PAIFQTT6GV,L361F00187C01S07740Rp26940.jpg,0,0,0,1,0,0,0,1,0,0,0,0,0,1,0,0
ID_92IWJT0QZE,L231F04554C41S14841Rp38234.jpg,0,0,1,0,0,0,0,1,0,0,0,0,0,0,0,1
ID_BK0251FA2L,L1095F01460C01S00680Rp03397.jpg,1,0,0,0,0,0,0,1,0,0,0,0,0,0,1,0
ID_FCI6SOZ34O,L361F02351C39S14714Ip.jpg,0,0,1,0,0,0,0,0,0,0,1,0,0,0,0,1
ID_IYNCROA4M7,L1095F00009C01S08259Rp21903.jpg,0,0,0,1,0,0,0,0,0,0,1,0,0,1,0,0
ID_H144DMV86S,L1132F04292C39S12080Rp33489.jpg,1,0,0,0,0,0,0,1,0,0,0,0,0,0,0,1
ID_B8SULT31SF,L121F03084C39S12916Ip.jpg,0,0,1,0,0,0,0,1,0,0,0,0,0,0,0,1
ID_ZMCOXSOOCH,L371F04405C20S11053Rp24027.jpg,0,0,0,1,1,0,0,0,0,0,0,0,0,1,0,0
ID_JUUJPLS4F3,L141F03315C39S12547Rp47566.jpg,0,1,0,0,1,0,0,0,0,0,0,0,0,0,0,1
ID_4BVJ4NZV0Q,L341F01298C01S06851Rp15080.jpg,0,0,0,1,0,0,0,0,0,0,1,0,0,1,0,0
ID_FSE067MJ7U,L398F01276C39S14213Rp43935.jpg,0,0,1,0,0,0,0,1,0,0,0,0,0,0,0,1
ID_1S6YP9K3BR,L1124F01123C39S13975Rp36250.jpg,1,0,0,0,0,0,0,1,0,0,0,0,0,0,0,1
ID_W1F77L6VYM,L354F03911C39S14683Rp37844.jpg,0,0,0,1,0,0,0,0,0,0,1,0,0,0,0,1
ID_QE1V8GMDW2,L365F01757C39S12472Rp38216.jpg,0,0,0,1,0,0,0,0,0,0,1,0,0,0,0,1
ID_MEUX9E9AM1,L405F01749C39S14724Ip.jpg,0,0,1,0,0,0,0,1,0,0,0,0,0,0,0,1
ID_AJOXLQY3HH,135_initial_1_1253_1253.JPG,0,0,0,1,0,0,0,0,0,0,1,0,1,0,0,0
ID_G434E70UNN,L121F03192C39S13600Rp35065.jpg,0,0,0,1,0,0,0,1,0,0,0,0,0,0,0,1
ID_XWMMU288B9,L1084F03198C01S00078Rp00658.jpg,1,0,0,0,0,0,0,1,0,0,0,0,0,0,1,0
ID_VDDXD01MWC,L341F00168C39S13323Rp49089.jpg,0,1,0,0,0,0,0,1,0,0,0,0,0,0,0,1
ID_CZQHAE2MW1,L134F00839C01S09781Rp29234.jpg,1,0,0,0,1,0,0,0,0,0,0,0,0,1,0,0
ID_2MBBWOPU5M,L1122F00533C01S09660Rp25165.jpg,1,0,0,0,0,0,0,1,0,0,0,0,0,1,0,0
ID_TCZ62TJUDZ,L428F02948C39S14228Dp49339.jpg,0,0,0,1,1,0,0,0,0,0,0,0,0,0,0,1
ID_MCZJAMQIKB,L1089F00425C01S00751Rp03489.jpg,1,0,0,0,0,0,0,1,0,0,0,0,0,0,1,0
ID_3L1FRHP5VL,L341F01295C01S08110Rp18278.jpg,0,0,0,1,0,0,0,1,0,0,0,0,0,1,0,0
ID_S379G4MZHE,L141F01211C01S06990Rp19594.jpg,0,1,0,0,0,0,0,1,0,0,0,0,0,1,0,0
ID_RM54ZMQKPK,L1144F04461C39S11930Rp33148.jpg,1,0,0,0,0,0,0,0,0,0,1,0,0,0,0,1
ID_J4Z1RKDWEW,L341F01510C01S00392Ip.jpg,0,0,1,0,0,0,0,0,0,0,1,0,0,0,1,0
ID_XQ1KLIPRNB,L141F01953C01S01679Rp11950.jpg,0,1,0,0,0,0,0,0,0,0,1,0,0,0,1,0
ID_QJMCKYR6JI,L435F00300C01S07498Rp17414.jpg,0,0,1,0,0,0,0,1,0,0,0,0,0,1,0,0
ID_DCBI6ZH188,L141F02587C01S07030Rp28826.jpg,0,1,0,0,0,0,0,1,0,0,0,0,0,1,0,0
ID_DPNAR412VQ,L323F01835C01S07693Rp16620.jpg,0,0,0,1,0,0,0,0,0,0,1,0,0,1,0,0
ID_V267W20IG5,L406F02465C01S03129Rp02072.jpg,0,0,0,1,0,0,0,0,0,0,1,0,0,0,1,0
ID_HC72SLY9AK,L1123F02308C20S10270Rp23831.jpg,0,0,0,1,0,0,0,1,0,0,0,0,0,1,0,0
ID_HO6LE7D0ES,L1122F04427C39S11775Rp34667.jpg,0,1,0,0,1,0,0,0,0,0,0,0,0,0,0,1
ID_NWVXQPT4GW,11_repeat_2_2416_5679_4052.JPG,0,1,0,0,0,0,0,0,1,0,0,0,1,0,0,0
ID_YV56ZZMGK7,L113F01027C01S04774Rp01604.jpg,0,0,0,1,0,0,0,1,0,0,0,0,0,0,1,0
ID_BL6PW9G3T6,L1155F04253C39S11637Rp33197.jpg,0,0,0,1,0,0,0,0,0,0,1,0,0,0,0,1
ID_5HFTDQMB8O,L1155F04254C01S07809Rp20021.jpg,0,0,0,1,0,0,0,0,0,0,1,0,0,1,0,0
ID_8DYHQXKK68,15_repeat_2_1352_1628_1219.JPG,0,0,0,1,0,0,0,0,0,0,1,0,1,0,0,0
ID_66OW1Y5B6O,L428F04491C39S13337Ip.jpg,0,0,1,0,0,0,0,1,0,0,0,0,0,0,0,1
ID_CPF4NB7XQN,L315F01899C01S00450Rp09167.jpg,1,0,0,0,0,0,0,0,0,0,1,0,0,0,1,0
ID_I27XTYC1M2,L1116F02599C01S07600Rp23559.jpg,1,0,0,0,0,0,0,1,0,0,0,0,0,1,0,0
ID_1YINFKQO4P,L121F01864C39S12917Rp45770.jpg,0,1,0,0,0,0,0,1,0,0,0,0,0,0,0,1
ID_G3L1V0Q7F6,L426F04395C01S09330Rp28217.jpg,0,0,1,0,0,0,0,1,0,0,0,0,0,1,0,0
ID_ELSWX0NCFX,L341F02738C01S00942Rp13454.jpg,0,1,0,0,1,0,0,0,0,0,0,0,0,0,1,0
ID_SVMBNR5RTB,L1095F01453C01S08261Rp16384.jpg,0,0,0,1,0,0,0,0,0,0,1,0,0,1,0,0
ID_JVKPNKL5FP,L134F00757C39S14166Rp35737.jpg,0,0,1,0,0,0,0,1,0,0,0,0,0,0,0,1
ID_J9JU530XW5,L1084F01368C01S07954Rp23704.jpg,0,0,0,1,0,0,0,1,0,0,0,0,0,1,0,0
ID_S6BPZTQLII,L1155F04260C01S07925Rp17525.jpg,0,0,0,1,0,0,0,1,0,0,0,0,0,1,0,0
ID_YZLTVS52HY,L428F03222C01S03660Rp13233.jpg,0,1,0,0,0,0,0,0,0,0,1,0,0,0,1,0
ID_OQ05YLZDFR,L322F01326C39S13244Rp34368.jpg,0,0,0,1,0,0,0,1,0,0,0,0,0,0,0,1
ID_TDU649AXWV,232_repeat_2_1539_4427_2896.JPG,1,0,0,0,0,0,0,0,0,0,1,0,1,0,0,0
ID_1ZF3AJMM44,L1094F04275C39S12027Rp38596.jpg,0,1,0,0,0,0,0,1,0,0,0,0,0,0,0,1
ID_IKWLSHQT0Z,L1150F01268C01S08770Rp30983.jpg,1,0,0,0,1,0,0,0,0,0,0,0,0,1,0,0
ID_0XH25069G9,L1153F00463C01S01614Rp09208.jpg,0,1,0,0,1,0,0,0,0,0,0,0,0,0,1,0
ID_RZZCFVITII,L231F02623C41S14885Rp39673.jpg,0,0,1,0,0,0,0,1,0,0,0,0,0,0,0,1
ID_J18DYFZ2B1,L141F01356C01S03839Ip.jpg,0,0,0,1,0,0,0,1,0,0,0,0,0,0,1,0
ID_5M77EYB1ER,L415F00217C01S00164Rp11706.jpg,1,0,0,0,0,0,0,1,0,0,0,0,0,0,1,0
ID_CMZF3X9ZNF,L361F00947C01S04905Rp07042.jpg,1,0,0,0,0,0,0,1,0,0,0,0,0,0,1,0
ID_4ISBJDA2IL,L373F01588C01S04376Ip.jpg,0,0,1,0,0,0,0,0,0,0,1,0,0,0,1,0
ID_2VDSK25I6E,L1094F00036C39S11962Rp38589.jpg,0,1,0,0,1,0,0,0,0,0,0,0,0,0,0,1
ID_R99LA9PMCZ,L1136F00550C01S00103Rp00646.jpg,1,0,0,0,0,0,0,1,0,0,0,0,0,0,1,0
ID_NSTU8LCVY3,L410F01965C01S02539Rp11123.jpg,1,0,0,0,0,0,0,0,0,0,1,0,0,0,1,0
ID_LD96I1WEY5,88_repeat_2_1243_3645_2391.JPG,0,1,0,0,1,0,0,0,0,0,0,0,1,0,0,0
ID_0MQ5WC1K7X,L1125F00443C39S14468Rp37808.jpg,0,0,0,1,0,0,0,1,0,0,0,0,0,0,0,1
ID_IQEF1K07GB,L1089F02180C39S11670Ip.jpg,0,0,0,1,0,0,0,1,0,0,0,0,0,0,0,1
ID_1WJ3J48ETG,L1095F01453C01S08261Rp23662.jpg,0,0,0,1,0,0,0,1,0,0,0,0,0,1,0,0
ID_M4OVOEKFF6,L1130F03046C01S08007Rp31419.jpg,0,1,0,0,1,0,0,0,0,0,0,0,0,1,0,0
ID_FWT83JAHZ0,L1083F01198C39S11793Ip.jpg,0,0,0,1,0,0,0,1,0,0,0,0,0,0,0,1
ID_61JNGMXGVB,L331F01565C01S05387Rp08738.jpg,0,0,0,1,0,0,0,1,0,0,0,0,0,0,1,0
ID_QR4AZF2PNN,122_repeat_2_1625_1202_906.JPG,0,0,0,1,0,0,0,1,0,0,0,0,1,0,0,0
ID_OWEICEX93H,L1146F01182C01S10010Rp21566.jpg,0,0,0,1,0,0,0,1,0,0,0,0,0,1,0,0
ID_AXVBVCI4WB,L144F02000C01S01089Ip.jpg,0,0,1,0,0,0,0,1,0,0,0,0,0,0,1,0
ID_FIHOC8P53R,L1136F02414C39S11646Rp41157.jpg,0,1,0,0,1,0,0,0,0,0,0,0,0,0,0,1
ID_74EPVVEKXZ,L141F01655C01S04445Rp10264.jpg,0,1,0,0,0,0,0,0,1,0,0,0,0,0,1,0
ID_ZTNK6XZR1U,L1094F04342C01S09028Rp16364.jpg,0,0,0,1,0,0,0,0,0,0,1,0,0,1,0,0
ID_71TTIBV9ZP,L221F01246C01S10168Rp22678.jpg,1,0,0,0,0,0,0,1,0,0,0,0,0,1,0,0
ID_1XAMP5KFXW,L314F01684C39S12484Rp42881.jpg,0,0,0,1,0,0,0,1,0,0,0,0,0,0,0,1
ID_3X1BDIQW0D,L361F02341C01S07849Rp18564.jpg,0,0,0,1,0,0,0,1,0,0,0,0,0,1,0,0
ID_SIIO6TR76F,L342F02112C01S07857Rp21428.jpg,1,0,0,0,0,0,0,0,0,0,1,0,0,1,0,0
ID_NSUO4BJ62Y,L133F00737C01S06945Rp31517.jpg,0,1,0,0,1,0,0,0,0,0,0,0,0,1,0,0
ID_AG9OZLXB6X,18_repeat_2_1362_3261_2101.JPG,0,0,0,1,0,0,0,0,0,0,1,0,1,0,0,0
ID_O9AWWXCPA9,L410F01014C01S01450Rp10661.jpg,1,0,0,0,0,0,0,1,0,0,0,0,0,0,1,0
ID_1033B1MC57,L323F02521C39S13065Rp42909.jpg,1,0,0,0,0,0,0,1,0,0,0,0,0,0,0,1
ID_V1IOCV5UR5,L133F03263C01S00308Rp13011.jpg,0,1,0,0,1,0,0,0,0,0,0,0,0,0,1,0
ID_R44RFS0G2O,230_repeat_2_1447_1040_723.JPG,0,0,0,1,0,0,0,0,0,0,1,0,1,0,0,0
ID_L2IQ1JIOUI,L1133F00287C01S07404Rp22194.jpg,0,0,0,1,0,0,0,0,0,0,1,0,0,1,0,0
ID_VC80J60W1T,L428F00919C01S00396Rp11964.jpg,0,1,0,0,1,0,0,0,0,0,0,0,0,0,1,0
ID_EY7K34AQWO,L415F01542C01S03493Rp02061.jpg,0,0,0,1,0,0,0,0,0,0,1,0,0,0,1,0
ID_BJXQIFE4CD,L1142F01857C20S10718Rp19758.jpg,0,0,0,1,0,0,0,0,0,0,1,0,0,1,0,0
ID_NTRLSRXWB5,L222F01676C39S12795Rp43929.jpg,1,0,0,0,0,0,0,1,0,0,0,0,0,0,0,1
ID_FUTO7N9FL0,L1089F00017C01S08228Rp28551.jpg,1,0,0,0,0,0,0,1,0,0,0,0,0,1,0,0
ID_T7TIZODB4O,L355F02270C03S08908Rp30582.jpg,1,0,0,0,0,0,0,1,0,0,0,0,0,1,0,0
ID_KIK8EC30E7,L326F01981C01S01993Rp14875.jpg,0,1,0,0,1,0,0,0,0,0,0,0,0,0,1,0
ID_Q9Z3IHG2TK,L1095F00009C39S11615Rp32518.jpg,0,0,0,1,0,0,0,0,0,0,1,0,0,0,0,1
ID_DNAGK3FSUR,L1136F00047C01S09074Rp16723.jpg,0,0,0,1,0,0,0,1,0,0,0,0,0,1,0,0
ID_EKZCMJRMQ4,L1136F00047C01S09074Rp23930.jpg,1,0,0,0,0,0,0,1,0,0,0,0,0,1,0,0
ID_AWB86XMN6S,L376F00894C39S14510Dp39552.jpg,0,0,1,0,0,0,0,1,0,0,0,0,0,0,0,1
ID_B8LT4VRDMJ,L354F03933C39S14704Rp37253.jpg,0,0,1,0,0,0,0,0,0,0,1,0,0,0,0,1
ID_XHGU6GIRAR,L133F03151C39S14737Ip.jpg,0,0,1,0,0,0,0,0,0,0,1,0,0,0,0,1
ID_3SNL0L0FA7,L373F00891C01S07947Rp29739.jpg,1,0,0,0,1,0,0,0,0,0,0,0,0,1,0,0
ID_3ZBA9G5DEL,L142F01634C01S03001Rp00760.jpg,0,0,0,1,0,0,0,0,0,0,1,0,0,0,1,0
ID_V3FZ53X9BA,L134F00807C01S06936Rp25761.jpg,0,1,0,0,1,0,0,0,0,0,0,0,0,1,0,0
ID_89DGIZD28Q,L133F00684C01S05229Ip.jpg,0,0,0,1,0,0,0,0,0,0,1,0,0,0,1,0
ID_PTEHM8QFI1,L435F00204C01S06806Rp15672.jpg,0,0,1,0,0,0,0,1,0,0,0,0,0,1,0,0
ID_ZNB70TE2HC,215_repeat_2_3324_6086_4461.JPG,0,1,0,0,0,1,0,0,0,0,0,0,1,0,0,0
ID_UVCZCCGXKR,L1084F00023C01S01952Rp01820.jpg,0,0,0,1,0,0,0,0,0,0,1,0,0,0,1,0
ID_RLB5J14BWN,L221F00394C39S13390Rp32964.jpg,0,0,1,0,0,0,0,1,0,0,0,0,0,0,0,1
ID_M1OEJP86QN,L222F03381C01S06836Rp26134.jpg,0,1,0,0,0,0,0,0,0,0,1,0,0,1,0,0
ID_VBYMSD377E,L1137F02892C20S10844Rp22742.jpg,0,0,0,1,0,0,0,1,0,0,0,0,0,1,0,0
ID_ZIT4QIO8BF,L1094F04270C01S08417Rp26243.jpg,0,1,0,0,0,0,0,1,0,0,0,0,0,1,0,0
ID_HW55T5B98Q,8_repeat_2_1360_6165_4528.JPG,0,1,0,0,0,0,0,0,0,0,1,0,1,0,0,0
ID_IFPP88UZDV,L398F02597C01S10287Rp16600.jpg,0,0,0,1,0,0,0,0,0,0,1,0,0,1,0,0
ID_3BMIOQ4P0K,L134F00826C01S05241Rp14045.jpg,0,1,0,0,1,0,0,0,0,0,0,0,0,0,1,0
ID_M7O1RTW38O,L430F03497C39S14100Rp37474.jpg,0,0,1,0,0,0,0,1,0,0,0,0,0,0,0,1
ID_6BRSXK63WV,L331F00160C01S07065Rp29489.jpg,1,0,0,0,0,0,0,1,0,0,0,0,0,1,0,0
ID_AUTX4IW2BC,L415F04492C01S08337Rp27145.jpg,1,0,0,0,0,0,0,0,0,0,1,0,0,1,0,0
ID_EX9D31YHRM,L1133F00440C01S07407Rp19520.jpg,0,0,0,1,0,0,0,0,0,0,1,0,0,1,0,0
ID_2CNUFIJESE,L1095F00009C39S11615Rp32938.jpg,1,0,0,0,0,0,0,1,0,0,0,0,0,0,0,1
ID_67SWR5FIU4,L371F01082C01S09209Rp16856.jpg,0,0,0,1,0,0,0,1,0,0,0,0,0,1,0,0
ID_4RBTMTDV3Y,L1084F03259C01S00075Rp03174.jpg,1,0,0,0,0,0,0,1,0,0,0,0,0,0,1,0
ID_QQEI4IHOF0,L134F04019C01S09845Rp22476.jpg,1,0,0,0,1,0,0,0,0,0,0,0,0,1,0,0
ID_J4DWWTDP3X,L232F04072C03S08635Rp16257.jpg,0,0,0,1,0,0,0,0,0,0,1,0,0,1,0,0
ID_8CDCAECH8I,L361F01590C01S02626Rp06662.jpg,0,0,0,1,0,0,0,0,0,0,1,0,0,0,1,0
ID_BD3NVUPMJS,L134F00771C01S06931Rp23430.jpg,0,1,0,0,1,0,0,0,0,0,0,0,0,1,0,0
ID_3S563ED4NN,L323F00157C01S00044Rp12979.jpg,0,1,0,0,1,0,0,0,0,0,0,0,0,0,1,0
ID_6BZ85R6PIR,L1094F00354C39S11571Ip.jpg,0,0,0,1,0,0,0,0,0,0,1,0,0,0,0,1
ID_NANUYE5D6T,L332F00524C01S00386Rp07710.jpg,0,0,0,1,0,0,0,1,0,0,0,0,0,0,1,0
ID_SITABNR47U,L221F02171C01S03347Rp05708.jpg,0,0,0,1,0,0,0,0,0,0,1,0,0,0,1,0
ID_CEK0K42JO1,L121F01296C01S02436Rp09892.jpg,0,1,0,0,0,0,0,0,0,0,1,0,0,0,1,0
ID_XFK906RYOO,L365F02380C23S10849Rp18304.jpg,0,0,0,1,0,0,0,1,0,0,0,0,0,1,0,0
ID_ON7U47SLER,L1094F04308C39S11648Rp32951.jpg,0,0,0,1,0,0,0,1,0,0,0,0,0,0,0,1
ID_9KWKM2NWEB,L134F00857C01S09782Rp19884.jpg,0,0,0,1,0,0,0,0,0,0,1,0,0,1,0,0
ID_8T7DV585O4,L331F04184C01S04290Rp00618.jpg,0,0,0,1,0,0,0,1,0,0,0,0,0,0,1,0
ID_4HMP5QBMUX,L1153F00463C01S01614Rp10452.jpg,0,1,0,0,1,0,0,0,0,0,0,0,0,0,1,0
ID_V0RICZMAXG,L231F04551C03S08857Rp18921.jpg,0,0,0,1,0,0,0,0,0,0,1,0,0,1,0,0
ID_FKVSJNAFF5,L231F03349C41S14672Rp37985.jpg,0,0,1,0,0,0,0,1,0,0,0,0,0,0,0,1
ID_6RWRRPNYRT,177_repeat_2_1042_3518_2259.JPG,0,1,0,0,0,0,0,0,0,0,1,0,1,0,0,0
ID_8EHF3H5WSJ,L1122F04425C01S09714Rp20492.jpg,0,0,0,1,0,0,0,0,0,1,0,0,0,1,0,0
ID_YFNSQFKM8Y,L325F01429C01S00525Rp11952.jpg,0,1,0,0,0,0,0,0,0,0,1,0,0,0,1,0
ID_SHAI4QZLFX,L1133F00287C39S12422Rp33528.jpg,1,0,0,0,0,0,0,0,0,0,1,0,0,0,0,1
ID_1MQY6VIMKM,L342F01845C01S03532Rp06483.jpg,0,0,0,1,0,0,0,1,0,0,0,0,0,0,1,0
ID_S689S0UZ2J,L1089F02252C39S11756Rp36832.jpg,0,1,0,0,1,0,0,0,0,0,0,0,0,0,0,1
ID_HPZ0R3KGNR,L131F03898C01S01629Rp04568.jpg,0,0,0,1,0,0,0,0,0,0,1,0,0,0,1,0
ID_OB47MENNEN,L1155F04257C01S07220Rp23938.jpg,0,1,0,0,1,0,0,0,0,0,0,0,0,1,0,0
ID_CL0BBCFI4X,L342F00569C01S09986Rp29139.jpg,1,0,0,0,0,0,0,1,0,0,0,0,0,1,0,0
ID_LNP813U2PG,L1083F00025C39S11792Ip.jpg,0,0,0,1,0,0,0,0,0,0,1,0,0,0,0,1
ID_FNXUSS2Z3J,L1089F03190C01S08295Rp24828.jpg,0,1,0,0,0,0,0,0,0,0,1,0,0,1,0,0
ID_GU4NU01RGT,L325F00557C01S07000Rp25965.jpg,0,1,0,0,0,0,0,0,0,0,1,0,0,1,0,0
ID_LVSKSW1AAC,L144F00099C41S12441Rp43746.jpg,0,1,0,0,0,0,0,0,0,0,1,0,0,0,0,1
ID_E447EIG9FG,L221F00237C01S08479Rp16121.jpg,0,0,0,1,0,0,0,0,0,0,1,0,0,1,0,0
ID_6TJB8MBAVD,L342F02721C39S14238Rp39955.jpg,0,0,0,1,0,0,0,1,0,0,0,0,0,0,0,1
ID_YCQ6466OBS,L415F02869C01S03991Ip.jpg,0,0,0,1,0,0,0,1,0,0,0,0,0,0,1,0
ID_U7SGKSNVZV,16_repeat_2_1028_2911_1872.JPG,1,0,0,0,0,0,0,1,0,0,0,0,1,0,0,0
ID_NB07FOGT7G,L361F00187C01S07740Rp28668.jpg,1,0,0,0,0,0,0,1,0,0,0,0,0,1,0,0
ID_2IWQ6JOU00,248_initial_1_1633_1633.JPG,0,0,0,1,0,0,0,0,0,0,1,0,1,0,0,0
ID_NZMHHESC4N,L415F03385C39S14813Rp41345.jpg,0,0,1,0,0,0,0,1,0,0,0,0,0,0,0,1
ID_49UGF0JVUP,L341F02998C01S08091Rp18218.jpg,0,0,0,1,0,0,0,0,0,0,1,0,0,1,0,0
ID_Y3AWWGP3S7,L134F04023C01S08195Rp23757.jpg,0,1,0,0,0,0,0,0,0,0,1,0,0,1,0,0
ID_FMH4U3GHPB,L134F04022C01S02960Rp00567.jpg,0,0,0,1,0,0,0,0,0,0,1,0,0,0,1,0
ID_6Z08CSCOT4,L1144F04450C01S09223Rp30249.jpg,0,1,0,0,0,0,0,1,0,0,0,0,0,1,0,0
ID_FTDMRJMWIX,196_repeat_2_1323_6292_4659.JPG,0,1,0,0,0,0,0,1,0,0,0,0,1,0,0,0
ID_OE776DAYUW,L378F02336C39S12563Rp45717.jpg,1,0,0,0,0,0,0,0,0,0,1,0,0,0,0,1
ID_506E7QS4Z8,L121F00591C01S03995Rp12280.jpg,1,0,0,0,0,0,0,1,0,0,0,0,0,0,1,0
ID_C86ERWQ8HD,21_repeat_2_1355_4123_2699.JPG,1,0,0,0,0,0,0,0,0,0,1,0,1,0,0,0
ID_O128B5F8K2,L1089F02358C39S11531Rp41699.jpg,0,1,0,0,1,0,0,0,0,0,0,0,0,0,0,1
ID_Q551CF1O4S,L1093F01486C01S07506Rp21990.jpg,1,0,0,0,0,0,0,0,0,0,1,0,0,1,0,0
ID_POGU4XZHL1,L398F00102C01S06805Rp15830.jpg,0,0,0,1,0,0,0,1,0,0,0,0,0,1,0,0
ID_SHMPLF71SM,L361F00947C01S04905Ip.jpg,0,0,0,1,0,0,0,0,0,0,1,0,0,0,1,0
ID_0W2DTHAA92,L354F03937C01S03120Rp10918.jpg,1,0,0,0,0,0,0,0,0,0,1,0,0,0,1,0
ID_VMG7RP39OZ,L221F00888C01S03323Rp14560.jpg,0,1,0,0,1,0,0,0,0,0,0,0,0,0,1,0
ID_I89MI33C6O,L1084F00023C01S01952Rp01970.jpg,0,0,0,1,0,0,0,0,0,0,1,0,0,0,1,0
ID_PEYRKLVE8R,L332F00619C39S12305Rp44035.jpg,1,0,0,0,0,0,0,0,0,0,1,0,0,0,0,1
ID_6LKA22FP54,L1115F01143C01S09078Rp32204.jpg,0,1,0,0,0,0,0,1,0,0,0,0,0,1,0,0
ID_SL2V6WT1P8,L378F02829C39S12597Rp43163.jpg,0,0,0,1,0,0,0,1,0,0,0,0,0,0,0,1
ID_7904NCGCA6,L141F01836C01S02288Rp04370.jpg,0,0,0,1,0,0,0,0,0,0,1,0,0,0,1,0
ID_661NEMD3VZ,L133F00764C01S09801Rp20251.jpg,1,0,0,0,0,0,0,0,0,0,1,0,0,1,0,0
ID_12F84ML7YR,L133F03263C01S06950Rp16161.jpg,0,0,1,0,0,0,0,0,0,0,1,0,0,1,0,0
ID_PLR63261HU,L1093F00303C01S07467Rp19697.jpg,0,0,0,1,0,0,0,0,0,0,1,0,0,1,0,0
ID_6QJ5EQLZ9G,L1090F00346C39S11786Rp40479.jpg,0,1,0,0,1,0,0,0,0,0,0,0,0,0,0,1
ID_036HK94DZ6,L121F03608C01S01416Rp02212.jpg,0,0,0,1,0,0,0,0,0,0,1,0,0,0,1,0
ID_GVMK5IWVKO,L342F02398C01S03292Rp12302.jpg,0,1,0,0,0,0,0,0,0,0,1,0,0,0,1,0
ID_YX098YXQVS,L222F02862C39S14481Ip.jpg,0,0,1,0,0,0,0,0,0,0,1,0,0,0,0,1
ID_NGEBNNZR8H,L122F03253C39S13236Rp42946.jpg,0,0,0,1,0,0,0,1,0,0,0,0,0,0,0,1
ID_0H27D0P4VB,L221F02767C01S03319Rp02367.jpg,0,0,0,1,0,0,0,0,0,0,1,0,0,0,1,0
ID_PJN6X6WDQP,L1130F03203C01S07584Rp20379.jpg,1,0,0,0,0,0,0,1,0,0,0,0,0,1,0,0
ID_WK5TQWIUEK,L354F03906C39S14690Ip.jpg,0,0,0,1,0,0,0,1,0,0,0,0,0,0,0,1
ID_D19J1VVHZQ,246_repeat_2_1392_2589_1605.JPG,0,0,0,1,0,0,0,1,0,0,0,0,1,0,0,0
ID_ADBF3LZ34D,L1115F00400C39S13979Ip.jpg,0,0,0,1,0,0,0,0,0,0,1,0,0,0,0,1
ID_JYTJ6DE5O9,L1089F01682C01S08539Rp16530.jpg,0,0,1,0,0,0,0,1,0,0,0,0,0,1,0,0
ID_ZLRJ6R3IH9,167_initial_1_1421_1421.JPG,0,0,0,1,0,0,0,1,0,0,0,0,1,0,0,0
ID_0PL4QEQ5W2,L314F01133C39S12497Rp35649.jpg,0,0,1,0,0,0,0,0,0,0,1,0,0,0,0,1
ID_FE7VZAQG2D,L222F01676C01S03005Rp06787.jpg,0,0,0,1,0,0,0,1,0,0,0,0,0,0,1,0
ID_3GTH7TKHGK,L134F00851C01S09703Rp31362.jpg,0,1,0,0,1,0,0,0,0,0,0,0,0,1,0,0
ID_Z4R136E2U2,L398F00971C01S03360Ip.jpg,0,0,1,0,0,0,0,0,0,0,1,0,0,0,1,0
ID_386PTXIRRP,L134F00878C01S05271Ip.jpg,0,0,0,1,0,0,0,1,0,0,0,0,0,0,1,0
ID_X46KSSES26,L433F00454C01S01423Rp11909.jpg,0,1,0,0,0,0,0,1,0,0,0,0,0,0,1,0
ID_RPJWDOEGGR,L342F01451C01S08442Rp19751.jpg,0,0,0,1,0,0,0,0,0,0,1,0,0,1,0,0
ID_NHJ0LUEB6Z,L1094F02172C39S11573Rp41750.jpg,0,1,0,0,1,0,0,0,0,0,0,0,0,0,0,1
ID_25OXZ4516I,L342F00171C01S07840Rp26919.jpg,0,1,0,0,0,0,0,1,0,0,0,0,0,1,0,0
ID_6DCJ83MBCR,L1094F04343C39S12047Ip.jpg,0,0,0,1,0,0,0,1,0,0,0,0,0,0,0,1
ID_CBATZ0CN4L,L323F03587C01S07836Rp28070.jpg,0,1,0,0,1,0,0,0,0,0,0,0,0,1,0,0
ID_S0FTLLSC67,L354F03983C39S13377Rp43647.jpg,1,0,0,0,0,0,0,0,0,0,1,0,0,0,0,1
ID_QNK16N9XU4,L331F04174C01S04288Rp06934.jpg,1,0,0,0,0,0,0,1,0,0,0,0,0,0,1,0
ID_BBDOIILNUQ,L341F03332C01S08087Rp31784.jpg,0,1,0,0,0,0,0,0,0,0,1,0,0,1,0,0
ID_KZ7H1NJQYG,L121F00073C39S12706Rp38874.jpg,0,0,0,1,0,0,0,1,0,0,0,0,0,0,0,1
ID_TV39HIIYNI,L1083F00021C01S06764Rp21646.jpg,0,0,1,0,0,0,0,1,0,0,0,0,0,1,0,0
ID_E2TN1U6QC7,L314F03336C01S03501Rp12849.jpg,0,1,0,0,0,0,0,0,0,0,1,0,0,0,1,0
ID_OX15WYZ6R5,L433F03074C41S13269Ip.jpg,0,0,1,0,0,0,0,1,0,0,0,0,0,0,0,1
ID_T06A67LU37,L121F01916C42S13058Rp41361.jpg,0,0,0,1,0,0,0,1,0,0,0,0,0,0,0,1
ID_XHHBNIZVKL,L1090F02806C01S08405Rp21864.jpg,0,0,0,1,0,0,0,1,0,0,0,0,0,1,0,0
ID_XCH1W6HMPR,L222F03152C01S03015Rp08447.jpg,1,0,0,0,0,0,0,0,0,0,1,0,0,0,1,0
ID_O2HN7U9QHL,L222F02422C01S03013Rp06800.jpg,1,0,0,0,0,0,0,0,0,0,1,0,0,0,1,0
ID_CK5P6DHOK8,L144F02115C01S01877Ip.jpg,0,0,0,1,0,0,0,0,0,0,1,0,0,0,1,0
ID_N70P90B2BD,L131F03898C01S01629Rp09353.jpg,1,0,0,0,0,0,0,0,0,0,1,0,0,0,1,0
ID_5E7JI8ND5M,L1093F01908C01S00998Rp01468.jpg,1,0,0,0,0,0,0,0,0,0,1,0,0,0,1,0
ID_M6B9BVUDU2,L373F00969C01S07946Rp22339.jpg,1,0,0,0,0,0,0,1,0,0,0,0,0,1,0,0
ID_0A3F2QX6D9,L1084F00022C01S07508Rp24516.jpg,1,0,0,0,0,0,0,0,0,0,1,0,0,1,0,0
ID_NB8TFNAYB5,L331F04673C39S14125Ip.jpg,0,0,0,1,0,0,0,0,0,0,1,0,0,0,0,1
ID_603UY6S704,L430F01265C01S10302Rp25222.jpg,1,0,0,0,0,0,0,0,0,0,1,0,0,1,0,0
ID_K9SEIWOTPU,L134F00787C39S13704Rp49082.jpg,0,1,0,0,0,0,0,0,0,0,1,0,0,0,0,1
ID_F6M3SSPQMJ,L122F03253C01S03229Rp01196.jpg,0,0,0,1,0,0,0,0,0,0,1,0,0,0,1,0
ID_ZJQPJNQ4X4,L141F01838C01S07442Rp24878.jpg,0,1,0,0,0,0,0,1,0,0,0,0,0,1,0,0
ID_G0T18KGNJ6,L222F01676C01S06825Rp15108.jpg,0,0,1,0,0,0,0,0,0,0,1,0,0,1,0,0
ID_UQEGSX9O04,L1125F01654C01S09379Rp27289.jpg,1,0,0,0,0,0,0,1,0,0,0,0,0,1,0,0
ID_UXV04IHRXY,L134F00771C39S14838Rp47518.jpg,0,1,0,0,1,0,0,0,0,0,0,0,0,0,0,1
ID_5QPCH4BUPS,L398F03135C39S13305Rp45760.jpg,1,0,0,0,0,0,0,1,0,0,0,0,0,0,0,1
ID_V5RAC7JDZY,L122F00609C01S06785Rp17109.jpg,0,0,0,1,0,0,0,1,0,0,0,0,0,1,0,0
ID_JSPLKS1FMS,L1144F04459C01S09249Rp26373.jpg,1,0,0,0,0,0,0,1,0,0,0,0,0,1,0,0
ID_JWK5EDO6XH,L222F01955C39S14267Dp43801.jpg,0,1,0,0,0,0,0,0,0,1,0,0,0,0,0,1
ID_FIB406RWL8,L1094F01340C39S11541Rp39242.jpg,0,1,0,0,1,0,0,0,0,0,0,0,0,0,0,1
ID_DTM02JTVN3,L1153F00041C39S11620Rp39586.jpg,0,1,0,0,0,0,0,1,0,0,0,0,0,0,0,1
ID_RDF6I7ZU66,L415F00433C01S01097Rp12964.jpg,0,1,0,0,1,0,0,0,0,0,0,0,0,0,1,0
ID_URAGRN42ID,L144F00679C01S00228Rp13884.jpg,0,1,0,0,1,0,0,0,0,0,0,0,0,0,1,0
ID_MDZ04J8NBH,L325F01429C39S12187Rp48277.jpg,0,1,0,0,1,0,0,0,0,0,0,0,0,0,0,1
ID_TFPKXO4RSS,L342F02118C01S07844Rp23293.jpg,1,0,0,0,0,0,0,1,0,0,0,0,0,1,0,0
ID_0G801E1ZQO,L325F03510C39S12254Rp44437.jpg,0,1,0,0,1,0,0,0,0,0,0,0,0,0,0,1
ID_MCPWNX09FV,L243F04633C02S06875Rp26200.jpg,0,1,0,0,0,0,0,0,0,0,1,0,0,1,0,0
ID_6FZL4NSD6E,L141F00941C01S06989Rp27018.jpg,0,1,0,0,1,0,0,0,0,0,0,0,0,1,0,0
ID_LEG6CFW652,L1149F00441C39S11826Ip.jpg,0,0,0,1,0,0,0,0,0,0,1,0,0,0,0,1
ID_GSM8Z9ME92,L429F00196C01S08077Rp26717.jpg,1,0,0,0,0,0,0,0,0,0,1,0,0,1,0,0
ID_QADF1YORFF,L331F02028C01S07080Rp19859.jpg,1,0,0,0,0,0,0,0,0,0,1,0,0,1,0,0
ID_9BGM7JPZGC,217_repeat_2_2052_5969_4327.JPG,0,1,0,0,0,1,0,0,0,0,0,0,1,0,0,0
ID_QKPF9JNYNV,L371F01852C01S03504Rp10008.jpg,0,0,0,1,0,0,0,1,0,0,0,0,0,0,1,0
ID_RY4AJF14Y4,L428F00499C20S11225Rp30833.jpg,0,0,1,0,0,0,0,1,0,0,0,0,0,1,0,0
ID_PVN3HLCRIL,L361F01927C01S09003Rp29592.jpg,0,0,0,1,0,0,0,1,0,0,0,0,0,1,0,0
ID_SFVCBSDFYN,L1133F00440C39S12425Rp40054.jpg,0,1,0,0,1,0,0,0,0,0,0,0,0,0,0,1
ID_584E79LZJ9,L410F01546C39S14486Rp38813.jpg,0,0,1,0,0,0,0,1,0,0,0,0,0,0,0,1
ID_ULG2FQKY92,L1150F01773C39S12209Ip.jpg,0,0,0,1,0,0,0,1,0,0,0,0,0,0,0,1
ID_3W1OOKEMUJ,L1133F01881C01S07880Rp22229.jpg,0,0,0,1,0,0,0,1,0,0,0,0,0,1,0,0
ID_GO4R59J46J,L113F03598C01S04789Rp12901.jpg,0,1,0,0,0,0,0,1,0,0,0,0,0,0,1,0
ID_9B7XMGOIF2,L222F03531C01S10154Rp27892.jpg,0,1,0,0,1,0,0,0,0,0,0,0,0,1,0,0
ID_9G2579SU8C,L398F02242C39S14349Ip.jpg,0,0,1,0,0,0,0,1,0,0,0,0,0,0,0,1
ID_CXTGXPUHHK,L371F02720C39S14533Rp36828.jpg,0,0,1,0,0,0,0,1,0,0,0,0,0,0,0,1
ID_2WLGD5DGGV,L222F00905C39S13984Ip.jpg,0,0,1,0,0,0,0,0,0,0,1,0,0,0,0,1
ID_MVJUFYSAEN,L134F00773C01S09774Rp19984.jpg,1,0,0,0,0,0,0,0,0,0,1,0,0,1,0,0
ID_Q7R25CTV73,L133F01859C01S06953Rp26889.jpg,1,0,0,0,1,0,0,0,0,0,0,0,0,1,0,0
ID_1VJ8B7SKAO,L1083F03426C01S01996Rp07282.jpg,0,1,0,0,0,0,0,0,0,0,1,0,0,0,1,0
ID_SXNKWIKHO1,L415F03305C01S04492Ip.jpg,0,0,1,0,0,0,0,1,0,0,0,0,0,0,1,0
ID_PTJ3M0H2TS,L222F01005C39S14647Rp41348.jpg,0,1,0,0,0,0,0,1,0,0,0,0,0,0,0,1
ID_IU0OBKXOVJ,L1093F01021C39S11680Rp32786.jpg,0,0,0,1,0,0,0,0,0,0,1,0,0,0,0,1
ID_FF17OO7N5E,L134F00746C39S14711Rp43294.jpg,0,1,0,0,0,0,0,0,0,0,1,0,0,0,0,1
ID_EWBR6K50GJ,L376F00942C01S10052Rp18766.jpg,0,0,0,1,0,0,0,1,0,0,0,0,0,1,0,0
ID_WWHU0GLW15,219_repeat_2_1815_4459_2928.JPG,1,0,0,0,0,0,0,1,0,0,0,0,1,0,0,0
ID_U7W036VM0K,196_initial_1_1323_1323.JPG,0,0,0,1,0,0,0,1,0,0,0,0,1,0,0,0
ID_QOEOX7GNIE,L376F03264C39S14382Dp44087.jpg,0,0,0,1,0,0,0,0,0,0,1,0,0,0,0,1
ID_ULRD7HC1H4,L243F04635C41S12181Rp43760.jpg,0,1,0,0,1,0,0,0,0,0,0,0,0,0,0,1
ID_9B743FU2A0,L322F03549C39S12953Rp42967.jpg,0,0,0,1,0,0,0,1,0,0,0,0,0,0,0,1
ID_XXKQZM7014,L376F00307C01S00522Rp11751.jpg,1,0,0,0,0,0,0,1,0,0,0,0,0,0,1,0
ID_Y35STDURJD,L361F01590C01S08969Rp26950.jpg,1,0,0,0,0,0,0,0,0,0,1,0,0,1,0,0
ID_R7O4OA7A7C,L131F03889C39S12736Ip.jpg,0,0,1,0,0,0,0,1,0,0,0,0,0,0,0,1
ID_QQYGOCA06B,L365F01381C01S02689Rp05984.jpg,0,0,0,1,0,0,0,1,0,0,0,0,0,0,1,0
ID_0V32479KMT,L134F04230C01S05662Rp14053.jpg,0,1,0,0,1,0,0,0,0,0,0,0,0,0,1,0
ID_XA64C6QZQZ,L1095F01338C01S07917Rp17839.jpg,0,0,0,1,0,0,0,1,0,0,0,0,0,1,0,0
ID_KGAAAYQGM3,L411F01095C01S10868Rp30901.jpg,0,0,0,1,1,0,0,0,0,0,0,0,0,1,0,0
ID_689W6G7OE1,L371F01375C01S04356Rp04031.jpg,0,0,1,0,0,0,0,1,0,0,0,0,0,0,1,0
ID_X900YAV3NN,L331F04162C39S12608Dp45273.jpg,0,1,0,0,0,0,0,0,0,0,0,1,0,0,0,1
ID_C1XS2MP71D,L134F00832C01S05253Rp14046.jpg,0,1,0,0,1,0,0,0,0,0,0,0,0,0,1,0
ID_QQ86S3HZ2J,L1089F03143C01S08323Rp16289.jpg,0,0,1,0,0,0,0,0,0,0,1,0,0,1,0,0
ID_WVO82IWK9Q,L1150F00321C39S14850Rp42053.jpg,0,1,0,0,1,0,0,0,0,0,0,0,0,0,0,1
ID_J265W29UT5,L222F02585C39S14825Dp37014.jpg,0,0,0,1,0,0,0,0,0,1,0,0,0,0,0,1
ID_HO10DOYO82,L354F03932C39S14703Rp45055.jpg,0,1,0,0,0,0,0,0,0,0,1,0,0,0,0,1
ID_JUT73SRONL,L323F00910C01S00424Rp12105.jpg,0,1,0,0,1,0,0,0,0,0,0,0,0,0,1,0
ID_JUXLSI9SGM,L323F02521C01S00284Rp07742.jpg,0,0,0,1,0,0,0,1,0,0,0,0,0,0,1,0
ID_DX5557B0WY,L371F02491C01S01646Rp06204.jpg,0,0,0,1,0,0,0,0,0,0,1,0,0,0,1,0
ID_GYLV3D2QGT,L141F03315C01S03147Rp14615.jpg,0,1,0,0,1,0,0,0,0,0,0,0,0,0,1,0
ID_XSQIYSXVE2,L1116F00031C01S08530Rp31641.jpg,1,0,0,0,0,0,0,1,0,0,0,0,0,1,0,0
ID_JVRI6NF8OK,L992F04375C01S07423Rp16356.jpg,0,0,0,1,0,0,0,0,0,0,1,0,0,1,0,0
ID_IH5CSC9X0J,L342F01261C01S09988Rp29699.jpg,1,0,0,0,1,0,0,0,0,0,0,0,0,1,0,0
ID_CCYLQTR0X7,229_repeat_2_2061_6396_4762.JPG,0,1,0,0,1,0,0,0,0,0,0,0,1,0,0,0
ID_LX68E81VT5,L134F00787C39S13704Rp36076.jpg,0,0,0,1,0,0,0,0,0,0,1,0,0,0,0,1
ID_40ZGP59YHA,L1095F00646C01S00220Rp03758.jpg,1,0,0,0,0,0,0,1,0,0,0,0,0,0,1,0
ID_4UTNYULQD9,L133F00686C39S14614Rp44972.jpg,1,0,0,0,1,0,0,0,0,0,0,0,0,0,0,1
ID_1RE3HGYP6N,L121F00584C01S04024Ip.jpg,0,0,0,1,0,0,0,0,0,0,1,0,0,0,1,0
ID_F4ADLFTYBQ,L1089F00425C01S08463Rp26622.jpg,1,0,0,0,0,0,0,1,0,0,0,0,0,1,0,0
ID_R1XIXDZWCP,205_repeat_2_1056_923_603.JPG,0,0,0,1,0,0,0,1,0,0,0,0,1,0,0,0
ID_W6EX5KTEX6,L354F03988C01S00966Rp14475.jpg,0,1,0,0,1,0,0,0,0,0,0,0,0,0,1,0
ID_T3P2K24VPX,90_repeat_2_1843_5102_3430.JPG,1,0,0,0,0,0,0,1,0,0,0,0,1,0,0,0
ID_6KZ5WKIL1U,90_repeat_2_1843_5595_3939.JPG,0,1,0,0,0,0,0,1,0,0,0,0,1,0,0,0
ID_JACFFNQGDS,L222F00238C01S06817Rp17219.jpg,0,0,0,1,0,0,0,0,0,0,1,0,0,1,0,0
ID_X70EOXSCDQ,L1084F00465C01S07478Rp20554.jpg,0,0,0,1,0,0,0,1,0,0,0,0,0,1,0,0
ID_8Z5Q739C0T,L429F01328C01S01599Rp12216.jpg,0,1,0,0,0,0,0,0,0,0,1,0,0,0,1,0
ID_VN2M2XBSLA,L322F02266C01S01522Rp12061.jpg,0,1,0,0,0,0,0,1,0,0,0,0,0,0,1,0
ID_QZ816M71YG,L376F03264C39S14382Ip.jpg,0,0,1,0,0,0,0,1,0,0,0,0,0,0,0,1
ID_VYJ43CU24O,L325F01619C01S00299Rp07669.jpg,0,0,0,1,0,0,0,0,0,0,1,0,0,0,1,0
ID_VWN3U53PHC,L326F00156C01S00050Rp13963.jpg,0,1,0,0,1,0,0,0,0,0,0,0,0,0,1,0
ID_VDXJY4W11O,L1137F00044C01S03664Rp08696.jpg,0,1,0,0,0,0,0,0,1,0,0,0,0,0,1,0
ID_9Z8XKZ3YNK,L1094F03271C39S11737Rp36191.jpg,0,0,0,1,0,0,0,1,0,0,0,0,0,0,0,1
ID_GNQXLZ5CO2,L133F00573C01S05453Ip.jpg,0,0,0,1,0,0,0,1,0,0,0,0,0,0,1,0
ID_6I73PQ10AK,L325F03612C01S00683Rp04292.jpg,0,0,0,1,0,0,0,0,0,0,1,0,0,0,1,0
ID_QGQY7FU76A,L353F01863C39S12453Rp43373.jpg,1,0,0,0,1,0,0,0,0,0,0,0,0,0,0,1
ID_ME0P5C0DLI,L1089F02358C01S08278Rp22451.jpg,1,0,0,0,0,0,0,1,0,0,0,0,0,1,0,0
ID_F27WSA8PX9,L221F02171C39S13392Rp32967.jpg,0,0,0,1,0,0,0,0,0,0,1,0,0,0,0,1
ID_EXGYRXRZ1A,L1150F02723C42S11861Ip.jpg,0,0,0,1,0,0,0,1,0,0,0,0,0,0,0,1
ID_KLJ33SI0Q8,L1115F00628C01S02385Rp09607.jpg,0,1,0,0,1,0,0,0,0,0,0,0,0,0,1,0
ID_W4TCVQNE11,L323F03587C39S14555Dp40294.jpg,0,0,0,1,0,0,0,0,0,1,0,0,0,0,0,1
ID_0V1X15YGID,217_repeat_2_2051_6044_4406.JPG,0,1,0,0,0,1,0,0,0,0,0,0,1,0,0,0
ID_HV3K75E7C2,L144F00937C01S07461Rp15846.jpg,0,0,0,1,0,0,0,0,0,0,1,0,0,1,0,0
ID_XKYCNA9EPS,L325F00557C01S07000Rp29075.jpg,0,1,0,0,0,0,0,0,0,0,1,0,0,1,0,0
ID_411S7GL2IV,L1150F00514C20S11235Rp25939.jpg,0,1,0,0,0,0,0,1,0,0,0,0,0,1,0,0
ID_JO7WRN0JFZ,L133F03567C39S14739Rp42005.jpg,1,0,0,0,0,0,0,0,0,0,1,0,0,0,0,1
ID_W75B4PD9MO,L1149F00051C01S00292Rp02606.jpg,1,0,0,0,0,0,0,0,0,0,1,0,0,0,1,0
ID_EC9E6R0E5M,L124F01034C39S13679Ip.jpg,0,0,1,0,0,0,0,1,0,0,0,0,0,0,0,1
ID_BDTMAXWO4W,L331F04669C39S14121Rp34995.jpg,0,0,1,0,0,0,0,0,0,0,1,0,0,0,0,1
ID_XZFV8T38U5,L133F00686C01S01088Rp10922.jpg,0,1,0,0,1,0,0,0,0,0,0,0,0,0,1,0
ID_VV20K6MCAK,L323F02382C39S14554Dp45417.jpg,0,1,0,0,0,0,0,0,0,0,1,0,0,0,0,1
ID_HQ5ZS3ZPXL,L222F02878C39S14639Rp44129.jpg,0,1,0,0,1,0,0,0,0,0,0,0,0,0,0,1
ID_8O8STFMTSZ,L222F01327C39S14324Rp37027.jpg,0,0,0,1,0,0,0,0,0,0,1,0,0,0,0,1
ID_X43R8NWBTR,L341F01298C01S00367Rp03698.jpg,0,0,0,1,0,0,0,1,0,0,0,0,0,0,1,0
ID_ACWP0K8HZ7,L144F00921C01S00278Rp11602.jpg,1,0,0,0,0,0,0,1,0,0,0,0,0,0,1,0
ID_2YYGV107JV,L221F01293C01S08514Rp16107.jpg,0,0,0,1,0,0,0,0,0,0,1,0,0,1,0,0
ID_IMRWAJNJTA,L1127F01535C01S08256Rp24979.jpg,1,0,0,0,0,0,0,1,0,0,0,0,0,1,0,0
ID_GLXDDCFZHP,L124F01904C01S01194Rp07248.jpg,1,0,0,0,0,0,0,1,0,0,0,0,0,0,1,0
ID_BD7UPIPGUK,L144F00935C01S07451Rp22817.jpg,0,0,0,1,1,0,0,0,0,0,0,0,0,1,0,0
ID_8YS2Q5JYDX,L134F00794C39S14178Rp35743.jpg,0,0,1,0,0,0,0,0,0,0,1,0,0,0,0,1
ID_UYVMR8SAQ9,L1150F01930C39S14847Ip.jpg,1,0,0,0,0,0,0,1,0,0,0,0,0,0,0,1
ID_IN47274UN9,L405F02987C01S08317Rp23589.jpg,1,0,0,0,0,0,0,1,0,0,0,0,0,1,0,0
ID_R7DKXNUYXI,L1083F03572C39S12124Rp33943.jpg,0,1,0,0,0,0,0,0,0,0,1,0,0,0,0,1
ID_V424WV4AWY,L1094F04282C39S12078Rp40583.jpg,0,1,0,0,0,0,0,1,0,0,0,0,0,0,0,1
ID_GEAROMPXX3,L1094F02237C39S11587Rp33715.jpg,1,0,0,0,0,0,0,0,0,0,1,0,0,0,0,1
ID_D73M3CXRP2,L134F04020C01S02985Rp08204.jpg,1,0,0,0,0,0,0,0,0,0,1,0,0,0,1,0
ID_VQN9L35NWB,L1083F02456C39S12121Ip.jpg,0,0,0,1,0,0,0,1,0,0,0,0,0,0,0,1
ID_ZG0Y2PQ2PG,L415F01506C39S14815Rp41355.jpg,0,0,1,0,0,0,0,0,0,0,1,0,0,0,0,1
ID_ZUF0FFETF6,L133F00529C39S14338Rp43981.jpg,0,0,0,1,0,0,0,0,0,0,1,0,0,0,0,1
ID_PBIMT8DA2G,L1089F00507C01S07094Rp15567.jpg,0,0,0,1,0,0,0,0,0,1,0,0,0,1,0,0
ID_NGZNRG5UU7,L376F01792C01S07907Rp23281.jpg,0,0,0,1,0,0,0,1,0,0,0,0,0,1,0,0
ID_2117C0GCUG,L1142F01241C39S11837Rp41213.jpg,0,1,0,0,1,0,0,0,0,0,0,0,0,0,0,1
ID_SM2AD9I3TC,L221F00511C01S08493Rp16111.jpg,0,0,0,1,0,0,0,0,0,0,1,0,0,1,0,0
ID_WA85M3SBAS,L1115F00400C01S02381Ip.jpg,0,0,0,1,0,0,0,0,0,0,1,0,0,0,1,0
ID_WZ4R7M5QZ8,L1090F00346C01S00958Rp00368.jpg,1,0,0,0,0,0,0,0,0,0,1,0,0,0,1,0
ID_3VE3CDLJF1,L1116F01096C39S11847Rp38721.jpg,0,0,0,1,0,0,0,1,0,0,0,0,0,0,0,1
ID_FHFNIUXGXC,L124F01532C39S13670Rp37880.jpg,0,0,0,1,0,0,0,1,0,0,0,0,0,0,0,1
ID_TPBM37BNZC,L1089F00469C39S11591Rp41724.jpg,0,1,0,0,1,0,0,0,0,0,0,0,0,0,0,1
ID_TRD604VT5X,L406F04347C39S13927Rp44952.jpg,0,0,0,1,0,0,0,0,0,1,0,0,0,0,0,1
ID_9ZOLE4F0AS,L144F00099C01S07541Rp16711.jpg,0,0,0,1,0,0,0,0,0,0,1,0,0,1,0,0
ID_VTN5BKE8ZX,L435F00200C01S07377Rp26945.jpg,0,0,0,1,0,0,0,1,0,0,0,0,0,1,0,0
ID_Z3ACEGVH11,L242F01472C01S03066Rp04863.jpg,0,0,0,1,0,0,0,0,0,0,1,0,0,0,1,0
ID_CJX7V388IO,L144F00935C01S07451Rp20297.jpg,0,0,0,1,0,0,0,0,0,0,1,0,0,1,0,0
ID_P7LWRDWW5Y,L1133F01558C01S08490Rp23111.jpg,0,0,0,1,0,0,0,0,0,0,1,0,0,1,0,0
ID_U8A441DZ6Y,L1137F01674C39S14829Rp36961.jpg,1,0,0,0,0,0,0,0,0,0,1,0,0,0,0,1
ID_OKZ0B652HX,L326F01979C39S14289Rp39664.jpg,0,0,0,1,0,0,0,0,0,0,1,0,0,0,0,1
ID_UBDC1TAQ15,L134F00843C39S14206Rp42475.jpg,1,0,0,0,0,0,0,1,0,0,0,0,0,0,0,1
ID_VS5YV7MJTQ,L1084F02327C01S01408Rp01758.jpg,0,0,0,1,0,0,0,1,0,0,0,0,0,0,1,0
ID_K8JBZKT38E,L1155F04263C39S11640Ip.jpg,0,0,0,1,0,0,0,0,0,0,1,0,0,0,0,1
ID_F4QPPTQT9W,L134F04131C39S14334Ip.jpg,0,0,1,0,0,0,0,1,0,0,0,0,0,0,0,1
ID_W0IMU9PMXI,L1148F03067C39S14485Ip.jpg,0,0,0,1,0,0,0,1,0,0,0,0,0,0,0,1
ID_R1BABMQ9X9,L121F02084C39S12976Rp34740.jpg,0,0,0,1,0,0,0,1,0,0,0,0,0,0,0,1
ID_HFJVQPNS9N,L341F01491C01S01001Ip.jpg,0,0,0,1,0,0,0,0,0,0,1,0,0,0,1,0
ID_JD0U6EZKD3,L1139F00290C39S11785Rp33651.jpg,0,1,0,0,0,0,0,0,0,0,1,0,0,0,0,1
ID_SU5TR5RKAC,L134F04022C01S02960Rp14650.jpg,0,1,0,0,1,0,0,0,0,0,0,0,0,0,1,0
ID_JGTQF0E443,L428F02700C41S12411Rp45813.jpg,0,0,0,1,1,0,0,0,0,0,0,0,0,0,0,1
ID_60DQDYC10V,L410F00115C01S08364Rp16439.jpg,0,0,0,1,0,0,0,0,0,0,1,0,0,1,0,0
ID_VI2OIU5N6W,L133F00737C01S06945Rp16870.jpg,0,0,0,1,0,0,0,0,0,0,1,0,0,1,0,0
ID_5V6V78R7UO,L1144F04436C39S12071Rp32644.jpg,0,0,0,1,0,0,0,0,0,0,1,0,0,0,0,1
ID_49US0MO2I7,L124F00563C39S13201Rp39359.jpg,0,0,0,1,0,0,0,1,0,0,0,0,0,0,0,1
ID_4JHUNQ9266,238_repeat_2_1442_5647_4020.JPG,1,0,0,0,0,0,0,1,0,0,0,0,1,0,0,0
