ID,filename,extent,pred,error,growth_stage_F,growth_stage_M,growth_stage_S,growth_stage_V,damage_DR,damage_DS,damage_FD,damage_G,damage_ND,damage_PS,damage_WD,damage_WN,season_LR2020,season_LR2021,season_SR2020,season_SR2021
ID_ODQ9LKLMDN,90_repeat_2_1188_3138_1967.JPG,0,0.0,0.0,1,0,0,0,0,0,0,1,0,0,0,0,1,0,0,0
ID_MTHTULB4UB,L121F03272C01S10648Rp25982.jpg,50,54.40476608276367,4.404766082763672,1,0,0,0,1,0,0,0,0,0,0,0,0,1,0,0
ID_VTCLWK05NB,L1089F00507C39S11590Rp33103.jpg,0,0.0,0.0,1,0,0,0,0,0,0,1,0,0,0,0,0,0,0,1
ID_R65HGXUVKB,L121F03608C01S08254Rp16412.jpg,0,0.0,0.0,0,0,0,1,0,0,0,0,0,0,1,0,0,1,0,0
ID_QBLCXOJ01R,L341F03295C01S00800Rp10118.jpg,0,14.17704963684082,14.17704963684082,1,0,0,0,0,0,0,1,0,0,0,0,0,0,1,0
ID_REJ5PDNT48,L243F04633C40S12220Rp39810.jpg,0,0.0,0.0,0,0,0,1,0,0,0,1,0,0,0,0,0,0,0,1
ID_88FFD2LIG2,70_repeat_2_2055_1235_937.JPG,0,50.01911544799805,50.01911544799805,1,0,0,0,0,0,0,1,0,0,0,0,1,0,0,0
ID_ALFRAW5TAP,L222F00625C42S14655Rp34481.jpg,0,0.0,0.0,0,0,0,1,0,0,0,1,0,0,0,0,0,0,0,1
ID_26L18MT6GV,L428F00499C39S14009Rp48307.jpg,90,2.0074477195739746,87.99255228042603,0,0,0,1,1,0,0,0,0,0,0,0,0,0,0,1
ID_RDM5RVRFDZ,L1144F04453C39S12066Rp40038.jpg,10,57.36213302612305,47.36213302612305,0,1,0,0,1,0,0,0,0,0,0,0,0,0,0,1
ID_J02XCRTW3O,11_repeat_2_2419_3480_2224.JPG,0,58.867530822753906,58.867530822753906,1,0,0,0,0,0,0,0,0,0,1,0,1,0,0,0
ID_EZQCVZA4W3,L222F01915C01S03011Rp09139.jpg,0,6.586674690246582,6.586674690246582,0,1,0,0,0,0,0,0,0,0,1,0,0,0,1,0
ID_6YA4DWU9T9,L134F00838C01S05276Rp14569.jpg,80,0.0,80.0,0,1,0,0,1,0,0,0,0,0,0,0,0,0,1,0
ID_TRF2QSBUKQ,L1095F02636C39S11619Rp38483.jpg,40,2.174436330795288,37.82556366920471,0,1,0,0,1,0,0,0,0,0,0,0,0,0,0,1
ID_3N00EDQ5S0,L315F01900C39S13649Ip.jpg,0,0.0,0.0,0,0,0,1,0,0,0,1,0,0,0,0,0,0,0,1
ID_658VECOLJ9,L1155F04254C01S07809Rp28828.jpg,40,0.0,40.0,0,1,0,0,1,0,0,0,0,0,0,0,0,1,0,0
ID_WZSZ9TL7ZK,L232F03938C03S08610Rp17949.jpg,0,0.0,0.0,0,0,0,1,0,0,0,0,0,0,1,0,0,1,0,0
ID_3UWZ9VVAO3,L232F00247C02S07278Rp22824.jpg,0,5.412564277648926,5.412564277648926,1,0,0,0,0,0,0,1,0,0,0,0,0,1,0,0
ID_6YOWWRZ6HQ,L133F00737C01S03192Rp13007.jpg,90,42.819942474365234,47.180057525634766,0,1,0,0,1,0,0,0,0,0,0,0,0,0,1,0
ID_M751QNGSDM,L141F01449C39S14072Rp44219.jpg,0,0.0,0.0,0,1,0,0,0,0,0,0,0,0,1,0,0,0,0,1
ID_EE6WSFGIM7,L121F03608C01S08254Rp30216.jpg,10,35.91064453125,25.91064453125,0,1,0,0,1,0,0,0,0,0,0,0,0,1,0,0
ID_Q956FSSZNR,L144F00100C39S12234Rp37352.jpg,0,0.0,0.0,0,0,0,1,0,0,0,1,0,0,0,0,0,0,0,1
ID_LJSIU29OAU,L371F04451C41S14678Rp44846.jpg,0,0.0,0.0,0,0,1,0,0,0,0,1,0,0,0,0,0,0,0,1
ID_UI0F4VBJVO,L1094F01822C39S11674Rp38612.jpg,10,0.0,10.0,0,1,0,0,1,0,0,0,0,0,0,0,0,0,0,1
ID_6TMS192XYR,L1094F01746C01S07894Rp23299.jpg,0,0.0,0.0,1,0,0,0,0,0,0,0,0,0,1,0,0,1,0,0
ID_B3EGTPFHGT,L122F01329C01S02368Rp13900.jpg,20,89.4109878540039,69.4109878540039,0,1,0,0,1,0,0,0,0,0,0,0,0,0,1,0
ID_FS229956PN,L1094F03167C01S09034Rp31851.jpg,0,31.636837005615234,31.636837005615234,0,1,0,0,0,0,0,0,0,0,1,0,0,1,0,0
ID_HVF5B0T9R1,L1132F04292C01S07525Rp22798.jpg,0,10.58325481414795,10.58325481414795,0,0,0,1,0,0,0,0,0,0,1,0,0,1,0,0
ID_HBYB8QSD6P,L221F01293C01S08514Rp17794.jpg,0,0.0,0.0,0,0,0,1,0,0,0,1,0,0,0,0,0,1,0,0
ID_QRLSM1YR98,L124F01520C01S01000Rp01548.jpg,0,0.8143421411514282,0.8143421411514282,0,0,0,1,0,0,0,1,0,0,0,0,0,0,1,0
ID_5L5VTMF81A,L415F01160C01S09091Rp26506.jpg,0,4.04991340637207,4.04991340637207,1,0,0,0,0,0,0,1,0,0,0,0,0,1,0,0
ID_919PIBWPFT,L1116F00495C01S07616Rp16657.jpg,0,0.0,0.0,0,0,0,1,0,0,0,1,0,0,0,0,0,1,0,0
ID_31VHTV70HL,L436F02302C39S14364Rp45967.jpg,0,0.0,0.0,0,0,0,1,0,0,0,0,0,0,1,0,0,0,0,1
ID_2MYNBQPU2P,L1102F00034C39S11594Rp35148.jpg,0,0.0,0.0,0,1,0,0,0,0,0,1,0,0,0,0,0,0,0,1
ID_ZQ5W6R72HQ,L354F03979C39S13326Rp48790.jpg,0,95.7030029296875,95.7030029296875,0,1,0,0,0,0,0,0,0,0,1,0,0,0,0,1
ID_TM03WEX6JW,L1136F00550C01S08149Rp20544.jpg,0,0.0,0.0,0,0,0,1,0,0,0,1,0,0,0,0,0,1,0,0
ID_1Y1GHQ5A0H,L371F03158C39S13699Rp45595.jpg,0,26.519283294677734,26.519283294677734,0,0,0,1,0,0,0,1,0,0,0,0,0,0,0,1
ID_VPN9OFI1AV,209_repeat_2_1357_1331_1046.JPG,0,0.0,0.0,1,0,0,0,0,0,0,1,0,0,0,0,1,0,0,0
ID_PU76D1FQB4,L323F03170C01S00318Rp11639.jpg,0,8.689546585083008,8.689546585083008,1,0,0,0,0,0,0,1,0,0,0,0,0,0,1,0
ID_8GL502JIWO,L332F03390C39S12316Rp40825.jpg,0,0.0,0.0,0,0,0,1,0,0,0,0,0,0,1,0,0,0,0,1
ID_FC02F9CIJN,L1142F00043C39S11835Rp34779.jpg,0,24.554096221923828,24.554096221923828,0,0,0,1,0,0,0,0,0,0,1,0,0,0,0,1
ID_INLIFB9URX,L323F00157C01S00044Rp06105.jpg,0,0.0,0.0,1,0,0,0,0,0,0,1,0,0,0,0,0,0,1,0
ID_GMZEDUT8TX,L371F00109C01S08371Rp17613.jpg,0,4.293715476989746,4.293715476989746,0,0,0,1,0,0,0,1,0,0,0,0,0,1,0,0
ID_ISS9I5Q6OO,L378F01052C01S06900Rp17009.jpg,0,0.0,0.0,0,0,0,1,0,0,0,1,0,0,0,0,0,1,0,0
ID_5AHW7ABM8W,L1153F04298C39S11875Rp34643.jpg,30,0.0,30.0,1,0,0,0,1,0,0,0,0,0,0,0,0,0,0,1
ID_GA2EVF6LYF,L428F01533C01S08617Rp20032.jpg,0,0.6134424209594727,0.6134424209594727,0,0,0,1,0,0,0,0,0,0,1,0,0,1,0,0
ID_9GFIQNQ1YR,L428F00327C01S01374Rp06055.jpg,0,0.0,0.0,0,0,0,1,0,0,0,0,0,0,1,0,0,0,1,0
ID_TDFLJYMYVF,L121F00585C01S03974Rp05619.jpg,0,3.169145107269287,3.169145107269287,0,0,0,1,0,0,0,1,0,0,0,0,0,0,1,0
ID_ZTVLVEL88E,L410F03168C39S12702Rp46634.jpg,0,2.295175313949585,2.295175313949585,1,0,0,0,0,0,0,1,0,0,0,0,0,0,0,1
ID_E2AUTZI4WA,L1133F03125C39S12437Ip.jpg,0,0.0,0.0,0,0,0,1,0,0,0,0,0,0,1,0,0,0,0,1
ID_51TLDZSJ70,L342F02118C01S07844Rp24871.jpg,0,98.11783599853516,98.11783599853516,0,1,0,0,0,0,0,1,0,0,0,0,0,1,0,0
ID_SVFSC3204T,L341F02943C39S12264Rp45222.jpg,0,32.50444412231445,32.50444412231445,0,1,0,0,0,0,0,0,0,0,1,0,0,0,0,1
ID_W7BOJ8O4N7,L1115F00628C01S02385Rp02004.jpg,0,9.510218620300293,9.510218620300293,0,0,0,1,0,0,0,0,0,0,1,0,0,0,1,0
ID_2ZWSQG3G6D,L331F01714C01S05388Rp08739.jpg,0,0.0,0.0,0,0,0,1,0,0,0,1,0,0,0,0,0,0,1,0
ID_CY3X1EA3TV,L361F03375C01S08987Rp17596.jpg,0,0.0,0.0,0,0,0,1,0,0,0,1,0,0,0,0,0,1,0,0
ID_XNVAN71C8G,L315F04156C01S07017Rp18093.jpg,0,0.0,0.0,0,0,1,0,0,0,0,1,0,0,0,0,0,1,0,0
ID_JDGWWX8V6I,L1122F03623C01S08931Rp30181.jpg,0,18.361600875854492,18.361600875854492,0,1,0,0,0,0,0,1,0,0,0,0,0,1,0,0
ID_06BAQB9IP8,L134F00875C39S14272Rp47520.jpg,0,14.283270835876465,14.283270835876465,0,1,0,0,0,0,0,0,0,0,1,0,0,0,0,1
ID_VD2TRXI9WL,L1094F01392C01S07054Rp21093.jpg,0,4.766058444976807,4.766058444976807,0,0,0,1,0,0,0,1,0,0,0,0,0,1,0,0
ID_R3TD4FRL8U,L222F00419C39S14321Rp37004.jpg,0,4.98264217376709,4.98264217376709,0,0,0,1,0,0,0,1,0,0,0,0,0,0,0,1
ID_ZL3V06LY2O,L378F02480C39S12567Rp39333.jpg,0,0.0,0.0,0,0,1,0,0,0,0,0,0,0,1,0,0,0,0,1
ID_65PC57RL5M,L1146F02983C01S09951Rp16333.jpg,0,0.0,0.0,0,0,0,1,0,0,0,0,0,0,1,0,0,1,0,0
ID_5IMNUBTM9W,L113F03561C01S04788Rp09668.jpg,0,1.3245673179626465,1.3245673179626465,1,0,0,0,0,0,0,1,0,0,0,0,0,0,1,0
ID_1CMAEK3HUL,L1153F02240C39S11821Rp32843.jpg,0,0.0,0.0,0,0,1,0,0,0,0,0,0,0,1,0,0,0,0,1
ID_4G67FIGC9H,L133F00529C39S14338Rp43073.jpg,0,0.0,0.0,0,0,0,1,0,0,0,0,0,0,1,0,0,0,0,1
ID_3UFQ3XRLTF,L141F00671C01S06988Rp31248.jpg,40,39.4766731262207,0.5233268737792969,0,0,0,1,1,0,0,0,0,0,0,0,0,1,0,0
ID_659Q4Y92L4,L1127F03466C39S12761Ip.jpg,0,0.0,0.0,1,0,0,0,0,0,0,1,0,0,0,0,0,0,0,1
ID_3UH1M95MF1,L1155F04255C39S12062Rp39865.jpg,40,0.14699484407901764,39.85300515592098,1,0,0,0,1,0,0,0,0,0,0,0,0,0,0,1
ID_U3N2CQTKEF,179_repeat_2_1332_3932_2506.JPG,80,0.0,80.0,0,1,0,0,1,0,0,0,0,0,0,0,1,0,0,0
ID_QTVDQ8VBOM,L1142F00326C39S12368Ip.jpg,0,0.0,0.0,0,0,0,1,0,0,0,0,0,0,1,0,0,0,0,1
ID_LCP2DW8L73,L426F00680C20S11258Rp31899.jpg,0,0.0,0.0,0,0,1,0,0,0,0,1,0,0,0,0,0,1,0,0
ID_8TNS26CT8B,L311F00639C01S09270Rp25617.jpg,0,0.0,0.0,0,0,0,1,0,0,0,0,0,0,1,0,0,1,0,0
ID_7N2PVDK52E,241_repeat_2_15_5989_4349.JPG,0,2.255986213684082,2.255986213684082,1,0,0,0,0,0,0,1,0,0,0,0,1,0,0,0
ID_CNXYXHPDTT,L1093F00015C39S11937Rp35078.jpg,0,7.444668292999268,7.444668292999268,0,1,0,0,0,0,0,1,0,0,0,0,0,0,0,1
ID_1BS2BAQMTK,L1122F00311C01S10017Rp28247.jpg,0,0.0,0.0,0,1,0,0,0,0,0,1,0,0,0,0,0,1,0,0
ID_4282H1PUVH,L134F00779C39S14298Rp37290.jpg,0,0.0,0.0,0,0,0,1,0,0,0,0,0,0,1,0,0,0,0,1
ID_EWTA6114H9,L331F00161C01S03779Ip.jpg,0,0.0,0.0,0,0,0,1,0,0,0,1,0,0,0,0,0,0,1,0
ID_4MMNQSAZE7,L406F00112C01S06905Rp15170.jpg,0,0.0,0.0,0,0,1,0,0,0,0,1,0,0,0,0,0,1,0,0
ID_S1Y0V2YXN1,L1083F02201C01S08088Rp29731.jpg,0,0.6749781370162964,0.6749781370162964,0,1,0,0,0,0,0,0,0,0,1,0,0,1,0,0
ID_5MDRVGT2F1,L371F02584C39S12168Ip.jpg,0,0.0,0.0,0,0,1,0,0,0,0,1,0,0,0,0,0,0,0,1
ID_94DCJMMZPH,L365F03201C39S12462Rp46026.jpg,0,0.0,0.0,0,1,0,0,0,0,0,0,0,0,1,0,0,0,0,1
ID_TYV7G6WNA1,L1102F00365C39S11596Rp36450.jpg,0,0.0,0.0,0,1,0,0,0,0,0,0,0,0,1,0,0,0,0,1
ID_2TPCR9BJLF,L326F01980C39S14519Ip.jpg,0,0.0,0.0,0,0,1,0,0,0,0,1,0,0,0,0,0,0,0,1
ID_Z6RRSQWYY3,201_repeat_2_1382_6411_4777.JPG,80,8.199710845947266,71.80028915405273,0,1,0,0,1,0,0,0,0,0,0,0,1,0,0,0
ID_QDX1NGW4M3,L231F03543C03S08756Rp21434.jpg,0,0.0,0.0,0,0,0,1,0,0,0,0,0,0,1,0,0,1,0,0
ID_767NXHUYWC,L1093F01644C39S12642Ip.jpg,0,0.0,0.0,0,0,0,1,0,0,0,0,0,0,1,0,0,0,0,1
ID_KGGEG04F2T,L410F01562C39S12377Rp44785.jpg,0,0.0,0.0,0,0,0,1,0,0,0,0,0,0,1,0,0,0,0,1
ID_4DZVTXG1ZH,L1116F01994C39S12228Ip.jpg,0,0.0,0.0,0,0,1,0,0,0,0,1,0,0,0,0,0,0,0,1
ID_2J2Q9XEQ12,L435F01105C39S14950Rp38872.jpg,0,0.0,0.0,0,0,1,0,0,0,0,1,0,0,0,0,0,0,0,1
ID_MLNN8Y1EW2,L342F03079C39S13437Rp40005.jpg,0,49.69600296020508,49.69600296020508,0,0,0,1,0,0,0,0,0,0,1,0,0,0,0,1
ID_FMUMH79O7M,L1084F01577C01S07956Rp23496.jpg,0,29.480587005615234,29.480587005615234,1,0,0,0,0,0,0,1,0,0,0,0,0,1,0,0
ID_E8L9RZXOU4,L325F00557C01S07000Rp29966.jpg,20,48.81595993041992,28.815959930419922,0,1,0,0,1,0,0,0,0,0,0,0,0,1,0,0
ID_X3S2GSRBY2,L1132F04295C39S12083Rp33496.jpg,10,0.0,10.0,1,0,0,0,1,0,0,0,0,0,0,0,0,0,0,1
ID_NTLQ16QJA6,L373F01592C01S08129Rp24313.jpg,0,1.1193253993988037,1.1193253993988037,0,0,0,1,0,0,0,0,0,0,1,0,0,1,0,0
ID_YV2SX1GF9P,L141F01443C39S12552Rp47580.jpg,30,72.506103515625,42.506103515625,0,1,0,0,1,0,0,0,0,0,0,0,0,0,0,1
ID_C95XTUUVD0,L144F00679C01S00228Ip.jpg,0,0.0,0.0,0,0,0,1,0,0,0,1,0,0,0,0,0,0,1,0
ID_EO1ASPQ2RD,L353F01672C40S12450Ip.jpg,0,0.0,0.0,0,0,1,0,0,0,0,1,0,0,0,0,0,0,0,1
ID_59UKGTT7WS,L428F01533C39S14102Rp36585.jpg,0,0.0,0.0,0,0,1,0,0,0,0,1,0,0,0,0,0,0,0,1
ID_U43L34P6TI,L406F01788C01S14629Rp37927.jpg,0,0.0,0.0,0,0,1,0,0,0,0,1,0,0,0,0,0,0,0,1
ID_101US7A8LB,L222F01915C01S06828Rp21690.jpg,0,29.57585334777832,29.57585334777832,0,1,0,0,0,0,0,1,0,0,0,0,0,1,0,0
ID_5Q2SBDORRD,170_initial_1_2547_2547.JPG,0,2.8838729858398438,2.8838729858398438,1,0,0,0,0,0,0,0,0,0,1,0,1,0,0,0
ID_E9RXURZODL,L1133F00048C01S07401Rp22161.jpg,0,5.604126453399658,5.604126453399658,1,0,0,0,0,0,0,0,0,0,1,0,0,1,0,0
ID_D2QJVDSTXG,L134F00749C39S14152Rp47131.jpg,30,93.43254089355469,63.43254089355469,0,1,0,0,1,0,0,0,0,0,0,0,0,0,0,1
ID_7U8C8ZLWOK,L121F00583C01S03971Rp08240.jpg,0,0.0,0.0,0,0,0,1,0,0,0,0,0,0,1,0,0,0,1,0
ID_PP0Z5K18RZ,L1090F01357C01S07915Rp15882.jpg,0,0.0,0.0,0,0,1,0,0,0,0,1,0,0,0,0,0,1,0,0
ID_OYI4XEHBWE,L1094F01464C01S07531Rp25427.jpg,0,0.0,0.0,1,0,0,0,0,0,0,0,0,0,1,0,0,1,0,0
ID_XBW1H1YLIZ,L133F00494C01S02756Rp07621.jpg,0,3.734647035598755,3.734647035598755,1,0,0,0,0,0,0,0,0,0,1,0,0,0,1,0
ID_T00ZIYT06V,L1093F00384C39S11621Ip.jpg,0,0.0,0.0,1,0,0,0,0,0,0,1,0,0,0,0,0,0,0,1
ID_GFNP0QI6W2,L1094F00013C01S00272Rp00079.jpg,0,0.0,0.0,0,0,0,1,0,0,0,1,0,0,0,0,0,0,1,0
ID_LDA7NT17RD,L341F01419C01S01015Ip.jpg,0,0.0,0.0,0,0,0,1,0,0,0,1,0,0,0,0,0,0,1,0
ID_O1OI0PXS3Z,L1083F00466C01S06885Rp15317.jpg,0,0.0,0.0,0,0,1,0,0,0,0,1,0,0,0,0,0,1,0,0
ID_33RQNR0N0Z,L323F01835C01S00286Rp07976.jpg,0,0.0,0.0,1,0,0,0,0,0,0,0,1,0,0,0,0,0,1,0
ID_XJGMPL1Z47,L398F03412C39S13514Ip.jpg,0,0.0,0.0,0,0,1,0,0,0,0,1,0,0,0,0,0,0,0,1
ID_MJHDP40TFD,L1155F00062C01S00047Ip.jpg,0,0.0,0.0,0,0,0,1,0,0,0,1,0,0,0,0,0,0,1,0
ID_GVBWSK74DL,L1083F02873C01S00280Ip.jpg,0,3.894979953765869,3.894979953765869,0,0,0,1,0,0,0,1,0,0,0,0,0,0,1,0
ID_IO4NLL5E1J,L134F00753C03S09768Rp31596.jpg,0,0.22897042334079742,0.22897042334079742,0,0,1,0,0,0,0,1,0,0,0,0,0,1,0,0
ID_9TC5ZRQ3J7,L1095F01453C01S08261Rp18631.jpg,0,0.0,0.0,0,0,0,1,0,0,0,1,0,0,0,0,0,1,0,0
ID_6GV1383N4X,L365F02378C01S05715Rp13702.jpg,0,37.704105377197266,37.704105377197266,1,0,0,0,0,0,0,1,0,0,0,0,0,0,1,0
ID_QCK9V7T9EW,L435F01544C39S12524Rp40706.jpg,0,0.0,0.0,0,0,1,0,0,0,0,0,0,0,1,0,0,0,0,1
ID_RKZ0L4290W,L131F03899C39S12777Ip.jpg,0,0.0,0.0,0,0,1,0,0,0,0,1,0,0,0,0,0,0,0,1
ID_SF587G0F2A,L353F00177C01S01304Rp08681.jpg,10,24.06085777282715,14.060857772827148,0,1,0,0,1,0,0,0,0,0,0,0,0,0,1,0
ID_IXMC14RMK1,L331F04164C01S04174Rp10453.jpg,0,4.815854072570801,4.815854072570801,0,1,0,0,0,0,0,1,0,0,0,0,0,0,1,0
ID_Z51FBLTGIS,L221F00394C39S13390Rp32965.jpg,0,0.0,0.0,0,0,1,0,0,0,0,1,0,0,0,0,0,0,0,1
ID_ZRQHIRDM9Y,L415F03114C39S14812Rp37545.jpg,0,0.0,0.0,0,0,1,0,0,0,0,1,0,0,0,0,0,0,0,1
ID_Z0N9JOFDW2,L1095F00009C01S00200Rp06932.jpg,10,6.233056545257568,3.7669434547424316,0,1,0,0,1,0,0,0,0,0,0,0,0,0,1,0
ID_G5LTR3YCZO,L321F01932C01S05671Rp12413.jpg,0,0.268722802400589,0.268722802400589,0,1,0,0,0,0,0,0,1,0,0,0,0,0,1,0
ID_AK47FKJLOC,L124F03541C39S13294Rp33314.jpg,0,0.0,0.0,0,0,1,0,0,0,0,1,0,0,0,0,0,0,0,1
ID_RP1SY31YK1,L125F02529C01S09148Rp17895.jpg,0,19.184001922607422,19.184001922607422,0,0,0,1,0,0,0,0,0,0,1,0,0,1,0,0
ID_3J2K4VB79V,L341F02943C39S12264Rp33830.jpg,0,0.0,0.0,0,0,0,1,0,0,0,0,0,0,1,0,0,0,0,1
ID_T3Q8TXPWD6,L1095F00646C01S00220Rp01302.jpg,0,0.0,0.0,1,0,0,0,0,0,0,1,0,0,0,0,0,0,1,0
ID_ADD9FJUKE8,101_repeat_2_1310_98_62.JPG,0,0.0,0.0,0,0,0,1,0,0,0,1,0,0,0,0,1,0,0,0
ID_5TCN3OE40T,L342F01351C01S00370Rp12639.jpg,50,100.0,50.0,0,1,0,0,1,0,0,0,0,0,0,0,0,0,1,0
ID_8PB28DNNT1,L134F00768C01S05351Rp10590.jpg,0,30.12036895751953,30.12036895751953,1,0,0,0,0,0,0,1,0,0,0,0,0,0,1,0
ID_ADLNEYUQX6,L121F00588C01S04066Rp03667.jpg,0,0.0,0.0,0,0,0,1,0,0,0,1,0,0,0,0,0,0,1,0
ID_E5HYTY4I4W,L1116F01189C01S03183Rp00889.jpg,0,0.0,0.0,0,0,0,1,0,0,0,0,0,0,1,0,0,0,1,0
ID_5GTPENI7SO,L144F01527C39S12559Rp42061.jpg,0,0.0,0.0,0,0,0,1,0,0,0,1,0,0,0,0,0,0,0,1
ID_UKPUV8AAAM,L134F00852C01S01079Rp12993.jpg,80,21.45661163330078,58.54338836669922,0,1,0,0,1,0,0,0,0,0,0,0,0,0,1,0
ID_HD7W389TDI,L1133F03058C01S07990Rp31270.jpg,0,70.35824584960938,70.35824584960938,0,1,0,0,0,0,0,1,0,0,0,0,0,1,0,0
ID_NWDWSH5VMO,L221F00394C01S08515Rp28159.jpg,30,47.356021881103516,17.356021881103516,0,1,0,0,1,0,0,0,0,0,0,0,0,1,0,0
ID_ONG7IVZA5G,226_repeat_2_1078_3169_2000.JPG,0,0.0,0.0,1,0,0,0,0,0,0,1,0,0,0,0,1,0,0,0
ID_0KE35Y6AR9,70_repeat_2_2055_2379_1411.JPG,0,11.144397735595703,11.144397735595703,1,0,0,0,0,0,0,1,0,0,0,0,1,0,0,0
ID_OXKI6F6B34,L355F04069C40S12198Rp42953.jpg,0,0.0,0.0,0,0,0,1,0,0,0,0,0,0,1,0,0,0,0,1
ID_8MYVJR8ZR3,L141F01256C39S14076Rp40874.jpg,0,0.0,0.0,0,0,0,1,0,0,0,0,0,0,1,0,0,0,0,1
ID_ABLMF1RHRO,L141F02590C39S12558Ip.jpg,0,7.201363563537598,7.201363563537598,0,0,1,0,0,0,0,1,0,0,0,0,0,0,0,1
ID_RR59O5L008,L365F03009C01S09123Rp20762.jpg,0,14.755393981933594,14.755393981933594,0,0,0,1,0,0,0,1,0,0,0,0,0,1,0,0
ID_RUXSUY3U71,L406F04371C39S12390Rp41135.jpg,0,0.0,0.0,0,0,0,1,0,0,0,0,0,0,1,0,0,0,0,1
ID_A4IG655AX9,L131F03895C01S01630Rp08157.jpg,0,0.0,0.0,0,0,0,1,0,0,0,1,0,0,0,0,0,0,1,0
ID_46PRKRDOLC,L1122F01513C01S00180Rp02476.jpg,80,80.81854248046875,0.81854248046875,0,1,0,0,1,0,0,0,0,0,0,0,0,0,1,0
ID_KW8114JR2Y,L1094F01705C01S08056Rp30368.jpg,0,0.0,0.0,1,0,0,0,0,0,0,0,0,0,1,0,0,1,0,0
ID_3488F38OG5,L331F04051C01S07610Rp15398.jpg,0,0.0,0.0,0,0,0,1,0,0,0,0,0,0,1,0,0,1,0,0
ID_AMH99C8IUT,L406F04357C39S12394Rp49351.jpg,70,0.0,70.0,0,1,0,0,1,0,0,0,0,0,0,0,0,0,0,1
ID_Q0YHJBRZVB,L376F01909C39S14789Rp39431.jpg,0,0.0,0.0,0,0,1,0,0,0,0,1,0,0,0,0,0,0,0,1
ID_YZ14SX1EVN,L241F04421C40S13203Ip.jpg,0,0.0,0.0,0,0,1,0,0,0,0,1,0,0,0,0,0,0,0,1
ID_4RD28DEH20,L1153F02897C01S08679Rp19254.jpg,0,0.0,0.0,0,0,0,1,0,0,0,1,0,0,0,0,0,1,0,0
ID_KRTOF8HYPP,L376F00955C01S02666Ip.jpg,0,15.563651084899902,15.563651084899902,0,0,1,0,0,0,0,1,0,0,0,0,0,0,1,0
ID_073GF5LHRB,L354F03984C39S13380Rp38236.jpg,0,0.0,0.0,0,0,0,1,0,0,0,0,0,0,1,0,0,0,0,1
ID_7U11PTZGDR,L1094F00509C01S00678Rp01719.jpg,0,0.0,0.0,1,0,0,0,0,0,0,1,0,0,0,0,0,0,1,0
ID_RRSAMUYDY8,L429F04539C39S13966Rp33997.jpg,0,0.0,0.0,0,0,1,0,0,0,0,1,0,0,0,0,0,0,0,1
ID_VCIHXUA9KJ,L398F01276C01S03717Rp03273.jpg,0,0.0,0.0,0,0,0,1,0,0,0,1,0,0,0,0,0,0,1,0
ID_VIHOFML01M,L121F01917C39S13606Rp42363.jpg,0,4.807626247406006,4.807626247406006,0,0,0,1,0,0,0,1,0,0,0,0,0,0,0,1
ID_OY8RQGGIQ7,L1094F04308C01S07059Rp22013.jpg,0,0.0,0.0,1,0,0,0,0,0,0,1,0,0,0,0,0,1,0,0
ID_L52MMZBZ9K,L376F04688C39S12379Rp38131.jpg,0,0.0,0.0,0,0,1,0,0,0,0,1,0,0,0,0,0,0,0,1
ID_9AS0HOOWP2,167_repeat_2_1421_4682_3056.JPG,30,14.52548885345459,15.47451114654541,0,1,0,0,1,0,0,0,0,0,0,0,1,0,0,0
ID_KUAKHIXWB6,L1094F01392C39S11673Rp43361.jpg,60,22.411449432373047,37.58855056762695,0,1,0,0,1,0,0,0,0,0,0,0,0,0,0,1
ID_53ORE4YGJB,L341F00544C01S06865Rp18351.jpg,0,0.0,0.0,0,0,0,1,0,0,0,0,0,0,1,0,0,1,0,0
ID_DWFKMNKN6B,L331F02502C01S05390Rp08741.jpg,0,0.0,0.0,0,0,0,1,0,0,0,1,0,0,0,0,0,0,1,0
ID_5YYHQ2MQIJ,L131F03904C01S08621Rp25183.jpg,40,35.32365417480469,4.6763458251953125,1,0,0,0,1,0,0,0,0,0,0,0,0,1,0,0
ID_XADBQH0SEQ,11_repeat_2_2419_4259_2841.JPG,0,38.49463653564453,38.49463653564453,0,1,0,0,0,0,0,0,1,0,0,0,1,0,0,0
ID_NYHMQP1RVT,L355F02278C03S08909Rp30557.jpg,0,0.0,0.0,0,0,0,1,0,0,0,1,0,0,0,0,0,1,0,0
ID_53RPHM3X3Q,L1139F00290C01S01589Rp04161.jpg,20,14.40026569366455,5.599734306335449,0,1,0,0,1,0,0,0,0,0,0,0,0,0,1,0
ID_5GHY8N444U,L426F03188C41S14972Rp47756.jpg,80,0.0,80.0,0,0,0,1,1,0,0,0,0,0,0,0,0,0,0,1
ID_WQWHEHRE4V,L398F01379C01S08247Rp21098.jpg,0,0.0,0.0,0,0,0,1,0,0,0,0,0,0,1,0,0,1,0,0
ID_CGCBYRMLHO,L1095F00448C39S11764Rp41751.jpg,70,42.878047943115234,27.121952056884766,0,1,0,0,1,0,0,0,0,0,0,0,0,0,0,1
ID_6I72KN3O8N,L222F01222C42S14645Rp47861.jpg,30,44.287967681884766,14.287967681884766,0,1,0,0,1,0,0,0,0,0,0,0,0,0,0,1
ID_J7ATBD7VXA,L376F01610C39S14790Dp44330.jpg,0,0.0,0.0,0,0,0,1,0,0,0,0,0,0,1,0,0,0,0,1
ID_BS2ECIJ2GR,L1123F02545C20S10273Rp24765.jpg,0,0.0,0.0,1,0,0,0,0,0,0,1,0,0,0,0,0,1,0,0
ID_OKR4L1FEO5,L321F00148C01S07966Rp18503.jpg,0,0.0,0.0,0,0,0,1,0,0,0,1,0,0,0,0,0,1,0,0
ID_S6TX33HFC4,L125F00082C01S02982Rp07076.jpg,0,0.0,0.0,1,0,0,0,0,0,0,1,0,0,0,0,0,0,1,0
ID_QBVMQ4T4R3,L331F04175C01S06923Rp19781.jpg,0,0.0,0.0,1,0,0,0,0,0,0,1,0,0,0,0,0,1,0,0
ID_RUXSLKGUWX,L341F02744C39S12286Rp45199.jpg,0,38.410797119140625,38.410797119140625,0,1,0,0,0,0,0,1,0,0,0,0,0,0,0,1
ID_OEOPGW5UK8,L341F00320C39S12267Rp37675.jpg,0,0.0,0.0,0,0,0,1,0,0,0,0,0,0,1,0,0,0,0,1
ID_XE1FMBU10L,L371F04399C01S09855Rp29911.jpg,0,5.141338348388672,5.141338348388672,0,1,0,0,0,0,0,1,0,0,0,0,0,1,0,0
ID_N2830HL14U,L331F00161C01S06846Rp27656.jpg,40,21.9361572265625,18.0638427734375,0,1,0,0,1,0,0,0,0,0,0,0,0,1,0,0
ID_IJ7M4EEIPU,L1093F00393C39S11682Rp34215.jpg,0,0.0,0.0,0,0,0,1,0,0,0,1,0,0,0,0,0,0,0,1
ID_1RLXYF3KAZ,L113F01556C01S10043Rp16494.jpg,0,3.3328897953033447,3.3328897953033447,0,0,0,1,0,0,0,0,0,0,1,0,0,1,0,0
ID_EST80RKGPG,L406F00362C01S00614Rp00747.jpg,0,0.0,0.0,0,0,0,1,0,0,0,1,0,0,0,0,0,0,1,0
ID_1CZSTYBQ3I,L222F01493C01S06823Rp21685.jpg,0,3.226018190383911,3.226018190383911,1,0,0,0,0,0,0,1,0,0,0,0,0,1,0,0
ID_SI7C2T2PFO,L231F01968C41S13787Rp44592.jpg,0,0.0,0.0,0,0,0,1,0,0,0,0,0,0,1,0,0,0,0,1
ID_KC8BIKT3H0,L1123F02853C20S10584Rp24763.jpg,0,0.0,0.0,1,0,0,0,0,0,0,0,0,0,1,0,0,1,0,0
ID_1BPXRD11WI,L353F01863C02S07811Rp28605.jpg,0,7.955966949462891,7.955966949462891,1,0,0,0,0,0,0,1,0,0,0,0,0,1,0,0
ID_ZASZ2J5IE9,L121F02311C39S13011Rp34782.jpg,0,0.0,0.0,0,0,0,1,0,0,0,1,0,0,0,0,0,0,0,1
ID_91LN378H17,L331F01113C01S07070Rp31043.jpg,0,95.5890884399414,95.5890884399414,0,1,0,0,0,0,0,1,0,0,0,0,0,1,0,0
ID_MJSNOIFB32,177_repeat_2_1167_1743_1303.JPG,0,15.085376739501953,15.085376739501953,1,0,0,0,0,0,0,0,0,0,1,0,1,0,0,0
ID_8X2L551SQY,L365F01766C01S09140Rp20802.jpg,0,0.0,0.0,0,0,0,1,0,0,0,1,0,0,0,0,0,1,0,0
ID_DZ2KTJGVHJ,L354F03936C39S14688Rp48616.jpg,30,0.0,30.0,0,1,0,0,1,0,0,0,0,0,0,0,0,0,0,1
ID_8XQQOQGLQJ,L1116F00909C01S08527Rp32130.jpg,0,55.67110061645508,55.67110061645508,0,1,0,0,0,0,0,0,0,0,1,0,0,1,0,0
ID_MAQ1URTV4E,L410F01587C39S14583Ip.jpg,0,0.0,0.0,0,0,1,0,0,0,0,1,0,0,0,0,0,0,0,1
ID_1CI16EJXL0,L371F00958C01S08362Rp27168.jpg,0,0.0,0.0,1,0,0,0,0,0,0,0,0,0,1,0,0,1,0,0
ID_7WKVSMJCM7,L133F03151C01S09851Rp31739.jpg,40,60.04222106933594,20.042221069335938,0,1,0,0,1,0,0,0,0,0,0,0,0,1,0,0
ID_X8KNBCV18V,217_repeat_2_2051_2468_1492.JPG,0,7.269545555114746,7.269545555114746,1,0,0,0,0,0,0,1,0,0,0,0,1,0,0,0
ID_8XXBTHAMDL,L436F02302C01S01345Rp08873.jpg,0,0.0,0.0,0,0,0,1,0,0,0,1,0,0,0,0,0,0,1,0
ID_2NED1323QX,L435F01653C01S09292Rp19619.jpg,0,0.0,0.0,0,0,0,1,0,0,0,0,0,0,1,0,0,1,0,0
ID_ZVKWS6JBF4,L222F00970C39S14109Rp39045.jpg,0,0.0,0.0,0,0,0,1,0,0,0,0,0,0,1,0,0,0,0,1
ID_F1UHTRPID3,76_repeat_2_1379_4464_2935.JPG,0,0.0,0.0,1,0,0,0,0,0,0,0,0,0,1,0,1,0,0,0
ID_VLJBIHHDBD,L331F04674C39S14126Rp38937.jpg,0,0.0,0.0,0,0,0,1,0,0,0,1,0,0,0,0,0,0,0,1
ID_FJGY4PTL3W,L1125F00286C01S02662Ip.jpg,0,0.0,0.0,1,0,0,0,0,0,0,1,0,0,0,0,0,0,1,0
ID_0H27CUFQC4,L354F00181C39S13310Rp36794.jpg,0,1.5615601539611816,1.5615601539611816,1,0,0,0,0,0,0,0,0,0,1,0,0,0,0,1
ID_7XF0PYYQ41,L1090F00928C01S00209Rp04711.jpg,0,0.0,0.0,1,0,0,0,0,0,0,0,0,0,1,0,0,0,1,0
ID_JOCPXP9QJ4,L326F01979C01S00086Rp12035.jpg,0,5.861934661865234,5.861934661865234,1,0,0,0,0,0,0,0,0,0,1,0,0,0,1,0
ID_NUZD52G9Z9,L121F00582C01S04014Rp14031.jpg,0,23.12990379333496,23.12990379333496,0,1,0,0,0,0,0,0,1,0,0,0,0,0,1,0
ID_3IC3Y22715,L326F01270C39S14367Ip.jpg,0,0.0,0.0,0,0,1,0,0,0,0,1,0,0,0,0,0,0,0,1
ID_EWK55LEO01,L1124F00973C39S13959Rp35840.jpg,0,3.4009318351745605,3.4009318351745605,1,0,0,0,0,0,0,0,0,0,1,0,0,0,0,1
ID_GP5T7MMHOR,L342F02359C01S09994Rp29714.jpg,20,21.405784606933594,1.4057846069335938,1,0,0,0,1,0,0,0,0,0,0,0,0,1,0,0
ID_FO12DZWFAD,L398F03412C01S03362Rp08667.jpg,0,10.493988990783691,10.493988990783691,0,0,0,1,0,0,0,1,0,0,0,0,0,0,1,0
ID_QS25CQ4SFR,L353F02684C01S07791Rp15557.jpg,0,0.0,0.0,0,0,0,1,0,0,0,1,0,0,0,0,0,1,0,0
ID_AZBYGNSVEV,L1094F03321C39S11736Rp40598.jpg,20,0.15359747409820557,19.846402525901794,0,1,0,0,1,0,0,0,0,0,0,0,0,0,0,1
ID_YFRZWIYAJR,L378F00117C39S12219Rp44060.jpg,0,0.0,0.0,0,0,0,1,0,0,0,0,0,0,1,0,0,0,0,1
ID_5FE28LVO9J,L342F03461C01S03588Rp14440.jpg,0,0.0,0.0,0,1,0,0,0,0,0,0,1,0,0,0,0,0,1,0
ID_Z6MYZPFO9L,L1133F01842C01S07752Rp25360.jpg,0,2.862048625946045,2.862048625946045,0,0,0,1,0,0,0,1,0,0,0,0,0,1,0,0
ID_UI9LVID88L,L133F00529C39S14338Ip.jpg,0,0.0,0.0,0,0,1,0,0,0,0,1,0,0,0,0,0,0,0,1
ID_NWQW03YAOT,L1122F01033C01S09485Rp19355.jpg,0,32.034664154052734,32.034664154052734,1,0,0,0,0,0,0,1,0,0,0,0,0,1,0,0
ID_2SH3YKY1ZU,L323F02888C01S09155Rp26723.jpg,20,59.06531524658203,39.06531524658203,0,1,0,0,1,0,0,0,0,0,0,0,0,1,0,0
ID_6K8E0SIWLU,L354F03988C01S00966Rp11015.jpg,0,2.694608449935913,2.694608449935913,1,0,0,0,0,0,0,0,0,0,1,0,0,0,1,0
ID_81SS3ZLH2W,L406F00362C01S08367Rp15920.jpg,0,0.0,0.0,0,0,1,0,0,0,0,1,0,0,0,0,0,1,0,0
ID_W1382QZ996,L435F01105C39S14950Rp42506.jpg,0,0.0,0.0,0,0,0,1,0,0,0,0,0,0,1,0,0,0,0,1
ID_LB5V9FRBNT,L1116F00542C01S09066Rp29715.jpg,0,0.0,0.0,1,0,0,0,0,0,0,1,0,0,0,0,0,1,0,0
ID_7E0WZI40TY,L222F01331C39S14317Rp37008.jpg,0,2.9728944301605225,2.9728944301605225,0,0,0,1,0,0,0,1,0,0,0,0,0,0,0,1
ID_UM7KVNFS9A,L1094F01049C39S11584Rp41668.jpg,30,0.0,30.0,0,1,0,0,1,0,0,0,0,0,0,0,0,0,0,1
ID_M7DWD2DGF5,226_repeat_2_1078_5056_3387.JPG,10,10.219555854797363,0.21955585479736328,0,1,0,0,1,0,0,0,0,0,0,0,1,0,0,0
ID_KPQP7KTICZ,213_repeat_2_1998_4276_2855.JPG,0,12.35341739654541,12.35341739654541,1,0,0,0,0,1,0,0,0,0,0,0,1,0,0,0
ID_6082D9CZLF,L314F01832C39S12493Rp48638.jpg,30,34.477508544921875,4.477508544921875,0,1,0,0,1,0,0,0,0,0,0,0,0,0,0,1
ID_BEMQC4A1VN,L144F02383C01S08708Rp30167.jpg,60,20.01793098449707,39.98206901550293,0,1,0,0,1,0,0,0,0,0,0,0,0,1,0,0
ID_8YCP1XFIJD,L314F02357C01S08699Rp16086.jpg,0,1.404175043106079,1.404175043106079,0,0,1,0,0,0,0,0,0,0,1,0,0,1,0,0
ID_81IQPZJ1H9,L332F03505C39S12318Rp37314.jpg,0,3.64377498626709,3.64377498626709,0,0,0,1,0,0,0,0,0,1,0,0,0,0,0,1
ID_80P98VGA02,64_repeat_2_3240_5246_3604.JPG,40,0.0,40.0,0,1,0,0,1,0,0,0,0,0,0,0,1,0,0,0
ID_60YT6J513T,L121F00588C01S04066Rp10519.jpg,0,86.07190704345703,86.07190704345703,1,0,0,0,0,0,0,1,0,0,0,0,0,0,1,0
ID_S6BOHTDP80,L321F03162C01S03751Rp03554.jpg,0,3.47892689704895,3.47892689704895,1,0,0,0,0,0,0,1,0,0,0,0,0,0,1,0
ID_5KSYCRD3LC,L371F04408C39S14089Rp47849.jpg,20,0.0,20.0,0,1,0,0,1,0,0,0,0,0,0,0,0,0,0,1
ID_E0XKN7NR69,L353F02184C01S01306Rp06755.jpg,0,0.10037539154291153,0.10037539154291153,0,0,0,1,0,0,0,1,0,0,0,0,0,0,1,0
ID_J7R9NCI9WI,L1094F04275C39S12027Ip.jpg,0,0.0,0.0,0,0,0,1,0,0,0,0,0,0,1,0,0,0,0,1
ID_XGSSV00ERZ,L125F00543C01S13583Rp40731.jpg,0,0.0,0.0,0,0,0,1,0,0,0,1,0,0,0,0,0,0,0,1
ID_0NK8YVWLWL,L1084F03259C39S12149Rp35739.jpg,0,0.0,0.0,0,1,0,0,0,0,0,1,0,0,0,0,0,0,0,1
ID_52FBDLM221,L315F01085C39S13363Rp44557.jpg,0,0.0,0.0,0,0,0,1,0,0,0,0,0,0,1,0,0,0,0,1
ID_VFTNNG5LRY,L1153F02846C01S08533Rp27680.jpg,0,41.83241653442383,41.83241653442383,1,0,0,0,0,0,0,0,0,0,1,0,0,1,0,0
ID_QW4M4XLJA7,L373F00374C01S04316Rp08065.jpg,0,0.0,0.0,1,0,0,0,0,0,0,0,0,0,1,0,0,0,1,0
ID_Z0HFJB7DWL,L341F01867C01S00408Rp12660.jpg,20,73.0423812866211,53.042381286621094,0,1,0,0,1,0,0,0,0,0,0,0,0,0,1,0
ID_AGZP6EXEZD,L134F04021C01S08193Rp15530.jpg,0,0.0,0.0,0,0,0,1,0,0,0,0,0,0,1,0,0,1,0,0
ID_KSP0I8GCAR,L325F03413C01S00276Rp13309.jpg,10,45.34778594970703,35.34778594970703,0,1,0,0,1,0,0,0,0,0,0,0,0,0,1,0
ID_HA96K8QUZP,L1094F03610C01S04119Rp04070.jpg,0,0.0,0.0,0,1,0,0,0,0,0,1,0,0,0,0,0,0,1,0
ID_3OCF5XOY5X,L131F03896C01S09324Rp17143.jpg,0,0.0,0.0,0,0,0,1,0,0,0,0,0,0,1,0,0,1,0,0
ID_KCJJV3L3YH,L355F02275C02S09757Rp23909.jpg,0,4.937481880187988,4.937481880187988,0,0,0,1,0,0,0,1,0,0,0,0,0,1,0,0
ID_K1M5SGJ4EI,L398F01569C01S10300Rp21941.jpg,0,0.0,0.0,0,0,0,1,0,0,0,1,0,0,0,0,0,1,0,0
ID_YHT1XBSUZ0,L134F00845C01S10510Rp26099.jpg,0,22.28644561767578,22.28644561767578,0,1,0,0,0,0,0,0,0,0,1,0,0,1,0,0
ID_6OXCG9CYO1,L428F04489C03S10357Rp20494.jpg,0,0.0,0.0,0,0,0,1,0,0,0,1,0,0,0,0,0,1,0,0
ID_SS0NWKJMGS,L1094F04310C01S07298Rp16750.jpg,0,0.0,0.0,0,0,0,1,0,0,0,1,0,0,0,0,0,1,0,0
ID_OAJ4C7EVPK,L365F01889C01S09142Rp20806.jpg,0,0.0,0.0,0,0,0,1,0,0,0,1,0,0,0,0,0,1,0,0
ID_VURWPHBUS6,209_repeat_2_1357_4420_2888.JPG,0,0.0,0.0,0,1,0,0,0,0,0,0,0,0,1,0,1,0,0,0
ID_9K4FGLXQAA,L323F00451C01S00315Rp12091.jpg,0,72.45164489746094,72.45164489746094,0,1,0,0,0,0,0,1,0,0,0,0,0,0,1,0
ID_V95WRDDLFI,L1124F01336C01S06776Rp17968.jpg,0,0.0,0.0,0,0,0,1,0,0,0,0,0,0,1,0,0,1,0,0
ID_0LI4M04XAI,L122F00621C01S07110Rp17113.jpg,0,0.0,0.0,0,0,0,1,0,0,0,1,0,0,0,0,0,1,0,0
ID_61ND6JMKB1,L1089F02358C01S08278Rp28556.jpg,0,12.923776626586914,12.923776626586914,1,0,0,0,0,0,0,1,0,0,0,0,0,1,0,0
ID_ZS1MALC6BZ,L311F00133C01S00957Rp08552.jpg,90,100.0,10.0,0,1,0,0,1,0,0,0,0,0,0,0,0,0,1,0
ID_SBIC243XT5,221_repeat_2_1107_3352_2165.JPG,0,8.982497215270996,8.982497215270996,1,0,0,0,0,0,0,0,0,0,1,0,1,0,0,0
ID_U6Q4T9NFJL,L331F04061C01S09273Rp19042.jpg,0,0.0,0.0,0,0,0,1,0,0,0,0,0,0,1,0,0,1,0,0
ID_L79CNKO26O,L341F02738C01S00942Rp12859.jpg,70,64.24626159667969,5.7537384033203125,0,1,0,0,1,0,0,0,0,0,0,0,0,0,1,0
ID_XS3QLXOG91,149_repeat_2_1134_3369_2188.JPG,0,12.210311889648438,12.210311889648438,0,0,0,1,0,0,0,0,0,1,0,0,1,0,0,0
ID_89A2XD50OH,230_repeat_2_1447_3613_2357.JPG,0,13.63266372680664,13.63266372680664,1,0,0,0,0,0,0,0,0,0,1,0,1,0,0,0
ID_KQ55MR60OV,L141F03315C01S03147Ip.jpg,0,4.245409965515137,4.245409965515137,0,0,0,1,0,0,0,0,0,0,1,0,0,0,1,0
ID_5CI3KS72AW,L1089F01959C39S11650Ip.jpg,0,0.0,0.0,0,0,0,1,0,0,0,0,0,0,1,0,0,0,0,1
ID_TE6DBEH1XM,L1095F01453C01S00474Rp00704.jpg,0,0.0,0.0,1,0,0,0,0,0,0,0,1,0,0,0,0,0,1,0
ID_7C9NE4XZ0C,L354F00387C01S08372Rp25277.jpg,0,20.956510543823242,20.956510543823242,0,0,0,1,0,0,0,1,0,0,0,0,0,1,0,0
ID_PR9E8WVGBF,L1084F02364C39S11712Rp35931.jpg,0,12.770247459411621,12.770247459411621,0,1,0,0,0,0,0,1,0,0,0,0,0,0,0,1
ID_VCVCZJCIES,L376F01117C39S14387Dp47103.jpg,10,1.8624690771102905,8.13753092288971,0,1,0,0,1,0,0,0,0,0,0,0,0,0,0,1
ID_7O3QLL2UDJ,L134F04131C01S06960Rp26900.jpg,40,0.0,40.0,0,1,0,0,1,0,0,0,0,0,0,0,0,1,0,0
ID_43ZEWM9GNB,L315F01899C01S00450Rp03792.jpg,0,7.191333770751953,7.191333770751953,0,0,0,1,0,0,0,1,0,0,0,0,0,0,1,0
ID_H49DO80OB7,230_initial_1_1401_1401.JPG,0,0.0,0.0,0,0,0,1,0,0,0,1,0,0,0,0,1,0,0,0
ID_QKCG8PLJL7,L371F02491C39S12776Rp43222.jpg,0,9.842741012573242,9.842741012573242,0,0,0,1,0,0,0,1,0,0,0,0,0,0,0,1
ID_LJ2XDWCM75,L1093F02049C39S11807Ip.jpg,0,1.6234369277954102,1.6234369277954102,1,0,0,0,0,0,0,1,0,0,0,0,0,0,0,1
ID_4HYQBUCTAN,L323F00907C01S00309Ip.jpg,0,0.0,0.0,0,0,1,0,0,0,0,1,0,0,0,0,0,0,1,0
ID_23I9EBY6A9,L1094F01114C39S11800Ip.jpg,0,0.0,0.0,0,0,0,1,0,0,0,1,0,0,0,0,0,0,0,1
ID_OEFYPUNKDA,L331F04178C39S12612Rp42380.jpg,0,8.952035903930664,8.952035903930664,1,0,0,0,0,0,0,0,0,0,1,0,0,0,0,1
ID_HDFSVKTRCF,L231F01717C40S14543Rp46037.jpg,100,0.0,100.0,0,0,0,1,1,0,0,0,0,0,0,0,0,0,0,1
ID_3KY9SSEE20,L332F01897C01S09107Rp22583.jpg,30,7.692516326904297,22.307483673095703,1,0,0,0,1,0,0,0,0,0,0,0,0,1,0,0
ID_AZPI2XW1EX,L124F01034C01S00926Rp08053.jpg,0,4.5570068359375,4.5570068359375,1,0,0,0,0,0,0,1,0,0,0,0,0,0,1,0
ID_M49L0T9Q1B,L134F04020C01S08194Rp18150.jpg,30,0.0,30.0,0,0,0,1,1,0,0,0,0,0,0,0,0,1,0,0
ID_O9FU5ZWG0P,L1125F00054C01S06768Rp29304.jpg,0,0.0,0.0,1,0,0,0,0,0,0,0,0,0,1,0,0,1,0,0
ID_BGBIWR4EI6,L113F00914C39S12981Ip.jpg,0,1.1987082958221436,1.1987082958221436,0,0,0,1,0,0,0,1,0,0,0,0,0,0,0,1
ID_K9VHJ84629,L113F02080C39S12900Ip.jpg,0,13.056005477905273,13.056005477905273,0,0,0,1,0,0,0,0,0,0,1,0,0,0,0,1
ID_WENPIHUQAH,L415F02869C01S08511Rp17405.jpg,0,0.0,0.0,0,0,1,0,0,0,0,1,0,0,0,0,0,1,0,0
ID_RCMWP0RWJI,90_repeat_2_1532_3159_1990.JPG,0,23.237367630004883,23.237367630004883,1,0,0,0,0,0,0,1,0,0,0,0,1,0,0,0
ID_RWVTYKVNUR,L222F00999C39S14318Rp43808.jpg,0,0.352052241563797,0.352052241563797,0,1,0,0,0,0,0,0,0,0,1,0,0,0,0,1
ID_S15EGL9H70,L410F01014C39S12339Rp49156.jpg,60,0.0,60.0,0,1,0,0,1,0,0,0,0,0,0,0,0,0,0,1
ID_186YAMFGCF,L221F04078C42S14774Dp38899.jpg,0,0.0,0.0,0,0,0,1,0,0,0,0,0,0,1,0,0,0,0,1
ID_HPS1HRDF0E,L1153F03314C01S08879Rp23769.jpg,0,0.0,0.0,1,0,0,0,0,0,0,0,0,0,1,0,0,1,0,0
ID_UITAYL8KZV,L241F03002C21S11068Rp21536.jpg,0,0.0,0.0,0,0,0,1,0,0,0,1,0,0,0,0,0,1,0,0
ID_4UQYEE49VB,L323F01835C39S13068Dp44536.jpg,0,1.7733778953552246,1.7733778953552246,0,0,0,1,0,0,0,1,0,0,0,0,0,0,0,1
ID_CGA88GQOOU,L1150F01046C01S03069Rp00948.jpg,0,0.0,0.0,0,1,0,0,0,0,0,1,0,0,0,0,0,0,1,0
ID_8PPJMW721G,L341F02943C39S12264Rp37665.jpg,0,0.0,0.0,0,0,0,1,0,0,0,0,0,0,1,0,0,0,0,1
ID_WKLPW33FAV,L144F00936C39S12239Rp35718.jpg,0,0.0,0.0,0,0,1,0,0,0,0,1,0,0,0,0,0,0,0,1
ID_JEFEE65O59,L144F03260C01S01603Rp02276.jpg,0,0.0,0.0,0,0,0,1,0,0,0,0,0,0,1,0,0,0,1,0
ID_YX66U0JBF4,L376F02204C39S14797Dp40883.jpg,0,0.0,0.0,0,0,0,1,0,0,0,1,0,0,0,0,0,0,0,1
ID_TLQX9EZSL5,L1094F00019C01S00473Rp02486.jpg,30,1.308753490447998,28.691246509552002,0,1,0,0,1,0,0,0,0,0,0,0,0,0,1,0
ID_QXN275B8GR,204_repeat_2_1454_6168_4533.JPG,80,100.0,20.0,0,1,0,0,1,0,0,0,0,0,0,0,1,0,0,0
ID_CG837CIKA0,L1093F03410C39S11755Ip.jpg,0,0.0,0.0,0,0,0,1,0,0,0,0,0,0,1,0,0,0,0,1
ID_5R7FJR0L01,L1116F01732C01S09056Rp30981.jpg,0,0.0,0.0,1,0,0,0,0,0,0,0,0,0,1,0,0,1,0,0
ID_BDY5F0LVXN,L433F02516C01S01459Rp12768.jpg,0,0.0,0.0,0,1,0,0,0,0,0,1,0,0,0,0,0,0,1,0
ID_995QCIUXAC,L341F01233C39S12274Rp37683.jpg,0,9.442953109741211,9.442953109741211,0,0,0,1,0,0,0,0,0,1,0,0,0,0,0,1
ID_PMYOL387T5,L326F03128C01S06984Rp22545.jpg,0,0.0,0.0,1,0,0,0,0,0,0,0,0,0,1,0,0,1,0,0
ID_TR8CR3YMV2,L124F03150C01S01212Rp09257.jpg,0,40.01713180541992,40.01713180541992,1,0,0,0,0,0,0,1,0,0,0,0,0,0,1,0
ID_11EXEDDPL1,L1090F01097C01S07910Rp26124.jpg,0,0.0,0.0,1,0,0,0,0,0,0,0,0,0,1,0,0,1,0,0
ID_PJWW585OJQ,L144F01044C41S12443Rp40927.jpg,0,0.0,0.0,0,0,0,1,0,0,0,0,0,0,1,0,0,0,0,1
ID_G4MQ42RNL0,L1084F02108C01S07241Rp26834.jpg,0,2.403110980987549,2.403110980987549,1,0,0,0,0,0,0,0,0,0,1,0,0,1,0,0
ID_XLH25LFOAX,L353F01863C39S12453Dp48220.jpg,60,16.77888298034668,43.22111701965332,0,1,0,0,1,0,0,0,0,0,0,0,0,0,0,1
ID_Q32FGKLAGR,L1089F00507C01S00298Rp07315.jpg,0,5.765707492828369,5.765707492828369,0,1,0,0,0,0,0,0,0,0,1,0,0,0,1,0
ID_6GLPZ9IU3G,L331F00951C01S07068Rp15165.jpg,0,13.665066719055176,13.665066719055176,0,0,0,1,0,0,0,0,0,0,1,0,0,1,0,0
ID_WB9ND6KEON,L1131F04396C01S09618Rp22288.jpg,0,0.0,0.0,1,0,0,0,0,0,0,1,0,0,0,0,0,1,0,0
ID_2TBUE87ROF,L321F01942C42S13066Rp42906.jpg,0,8.017733573913574,8.017733573913574,1,0,0,0,0,0,0,1,0,0,0,0,0,0,0,1
ID_S5M4D6HL0O,L398F01379C39S13302Rp45750.jpg,0,0.0,0.0,0,0,0,1,0,0,0,1,0,0,0,0,0,0,0,1
ID_TPRCZ8E6Q3,21_repeat_2_1355_5793_4168.JPG,80,100.0,20.0,0,1,0,0,1,0,0,0,0,0,0,0,1,0,0,0
ID_2ANIS6MY86,L406F01761C01S01359Rp13775.jpg,60,0.0,60.0,0,1,0,0,1,0,0,0,0,0,0,0,0,0,1,0
ID_O7LA606GER,L1084F00022C01S07508Rp20987.jpg,0,0.0,0.0,0,0,0,1,0,0,0,1,0,0,0,0,0,1,0,0
ID_0X8HL2OKR2,L122F00621C39S13859Rp42124.jpg,0,0.0,0.0,0,0,0,1,0,0,0,0,0,0,1,0,0,0,0,1
ID_U885IBK1ZF,L124F01477C39S12845Rp47473.jpg,0,39.86069869995117,39.86069869995117,0,1,0,0,0,0,0,1,0,0,0,0,0,0,0,1
ID_80HH7IF6SI,L341F01560C01S08103Rp18258.jpg,0,0.0,0.0,0,0,0,1,0,0,0,0,0,0,1,0,0,1,0,0
ID_TVI6URUZDX,L134F00806C01S09697Rp25708.jpg,30,23.955698013305664,6.044301986694336,0,1,0,0,1,0,0,0,0,0,0,0,0,1,0,0
ID_2TLT29NTU8,191_repeat_2_1019_5749_4122.JPG,0,3.1021311283111572,3.1021311283111572,0,1,0,0,0,0,0,1,0,0,0,0,1,0,0,0
ID_SEJ6ZBWNPN,L1089F00016C01S02476Ip.jpg,0,0.0,0.0,0,0,0,1,0,0,0,0,0,0,1,0,0,0,1,0
ID_20F7H5WUWG,L342F02139C01S04766Rp11191.jpg,0,0.0,0.0,1,0,0,0,0,0,0,1,0,0,0,0,0,0,1,0
ID_AVF3LWD855,L144F02000C01S01089Rp10287.jpg,0,0.0,0.0,1,0,0,0,0,0,0,1,0,0,0,0,0,0,1,0
ID_ABTY8XEZT7,L141F01211C39S12516Rp34607.jpg,0,0.0,0.0,0,0,0,1,0,0,0,1,0,0,0,0,0,0,0,1
ID_T8F98BX67A,L1123F00567C20S10274Rp24777.jpg,0,0.0,0.0,1,0,0,0,0,0,0,1,0,0,0,0,0,1,0,0
ID_5TB0SFX5C0,L355F02285C01S05300Rp11134.jpg,0,68.09297943115234,68.09297943115234,0,1,0,0,0,0,0,1,0,0,0,0,0,0,1,0
ID_MFY7XGQVHB,L134F00787C01S02724Rp08086.jpg,0,15.75143051147461,15.75143051147461,1,0,0,0,0,0,0,0,0,0,1,0,0,0,1,0
ID_0ZQU89BAM0,L415F01615C01S04490Rp11464.jpg,0,10.32785701751709,10.32785701751709,1,0,0,0,0,0,0,1,0,0,0,0,0,0,1,0
ID_EI1JBZBWPB,L315F00648C39S13356Rp46159.jpg,0,30.48055648803711,30.48055648803711,1,0,0,0,0,0,0,0,0,0,1,0,0,0,0,1
ID_4WDQGDH05X,L1093F00688C39S12610Dp37555.jpg,0,0.0,0.0,0,0,0,1,0,0,0,0,0,0,1,0,0,0,0,1
ID_JS92RET010,232_repeat_2_1265_4422_2892.JPG,0,4.711127281188965,4.711127281188965,1,0,0,0,0,0,0,1,0,0,0,0,1,0,0,0
ID_A3MID96G4N,L1094F00019C01S07365Rp26959.jpg,0,0.0,0.0,1,0,0,0,0,0,0,0,0,0,1,0,0,1,0,0
ID_V3JHXNZDBO,L361F02350C39S14355Rp39055.jpg,0,0.0,0.0,0,0,0,1,0,0,0,0,0,0,1,0,0,0,0,1
ID_6UUWACV5G1,L398F03056C39S14369Ip.jpg,0,0.0,0.0,0,0,1,0,0,0,0,1,0,0,0,0,0,0,0,1
ID_V46J9MQE99,L322F01326C01S01514Rp12767.jpg,0,35.30788803100586,35.30788803100586,1,0,0,0,0,0,0,1,0,0,0,0,0,0,1,0
ID_QRXKWJEID3,L435F00199C01S01158Rp09497.jpg,0,0.0,0.0,1,0,0,0,0,0,0,1,0,0,0,0,0,0,1,0
ID_TPY1FANZH2,L1133F00345C01S08033Rp16922.jpg,0,1.1680443286895752,1.1680443286895752,0,0,0,1,0,0,0,0,0,0,1,0,0,1,0,0
ID_BNLRMGPLE3,L326F01991C39S14331Ip.jpg,0,0.0,0.0,0,0,1,0,0,0,0,0,0,0,1,0,0,0,0,1
ID_VN6KPD3X90,248_repeat_2_1633_5270_3630.JPG,0,15.524309158325195,15.524309158325195,0,1,0,0,0,0,0,0,1,0,0,0,1,0,0,0
ID_9NMF4KBO4L,L1122F01581C01S05414Rp04512.jpg,0,19.571500778198242,19.571500778198242,1,0,0,0,0,0,0,1,0,0,0,0,0,0,1,0
ID_DS6AO47B1I,L429F00658C01S08190Rp18816.jpg,0,0.0,0.0,0,0,0,1,0,0,0,0,0,0,1,0,0,1,0,0
ID_19RD7QWQWN,L311F00568C39S13123Rp46203.jpg,0,0.0,0.0,1,0,0,0,0,0,0,1,0,0,0,0,0,0,0,1
ID_ZUJ6U0QLZH,L1094F00418C39S11565Ip.jpg,0,0.0,0.0,0,0,0,1,0,0,0,1,0,0,0,0,0,0,0,1
ID_E9E2DFVVFI,L1122F02797C01S08927Rp17963.jpg,0,0.0,0.0,0,0,1,0,0,0,0,0,0,0,1,0,0,1,0,0
ID_8MB6T1QVE6,L1122F03372C01S09919Rp27466.jpg,0,6.417346954345703,6.417346954345703,1,0,0,0,0,0,0,0,0,1,0,0,0,1,0,0
ID_8CK94ST9QJ,L415F00897C39S14433Rp37935.jpg,0,0.0,0.0,0,0,1,0,0,0,0,1,0,0,0,0,0,0,0,1
ID_HSIUTKXM2X,L124F01034C39S13679Rp35912.jpg,0,0.0,0.0,0,0,0,1,0,0,0,1,0,0,0,0,0,0,0,1
ID_YLH9F8WY2U,L1083F01198C39S11793Rp38000.jpg,20,17.77444839477539,2.2255516052246094,1,0,0,0,1,0,0,0,0,0,0,0,0,0,0,1
ID_AKRP78FNHB,L1136F03499C01S10534Rp28485.jpg,0,0.0,0.0,1,0,0,0,0,0,0,1,0,0,0,0,0,1,0,0
ID_QK1GC6X021,L1122F02870C39S14620Dp37610.jpg,10,0.0,10.0,1,0,0,0,1,0,0,0,0,0,0,0,0,0,0,1
ID_UE5TZC7OIM,L1084F02124C39S13926Rp39615.jpg,0,0.0,0.0,1,0,0,0,0,0,0,1,0,0,0,0,0,0,0,1
ID_ZNE0Y747PX,L1137F00044C39S11664Rp32925.jpg,0,0.0,0.0,0,0,0,1,0,0,0,0,0,0,1,0,0,0,0,1
ID_NADL5PXYY7,L415F01039C01S09197Rp20559.jpg,0,0.0,0.0,0,0,0,1,0,0,0,0,0,0,1,0,0,1,0,0
ID_ULTAAKM98L,L1093F01799C39S11941Rp35082.jpg,0,2.5689098834991455,2.5689098834991455,1,0,0,0,0,0,0,1,0,0,0,0,0,0,0,1
ID_6DKWAA402D,L1094F01746C01S07894Rp15996.jpg,0,0.0,0.0,0,0,0,1,0,0,0,1,0,0,0,0,0,1,0,0
ID_OEK1I5KKAH,L1084F00465C39S11534Rp39720.jpg,10,0.0,10.0,0,1,0,0,1,0,0,0,0,0,0,0,0,0,0,1
ID_ZQFJ4UGC95,L221F02767C01S08471Rp28199.jpg,40,31.335941314697266,8.664058685302734,0,0,0,1,1,0,0,0,0,0,0,0,0,1,0,0
ID_VYHGRRHKKC,L323F01514C39S14635Dp46581.jpg,0,0.0,0.0,0,0,0,1,0,0,0,0,0,0,0,1,0,0,0,1
ID_JGKDG14U0Q,L331F01113C01S05382Rp07607.jpg,0,0.0,0.0,0,0,0,1,0,0,0,1,0,0,0,0,0,0,1,0
ID_F3NLWW2IGC,L141F03538C01S09313Rp18443.jpg,0,0.0,0.0,0,0,0,1,0,0,0,1,0,0,0,0,0,1,0,0
ID_NVDV7CLJ3T,L1083F01068C01S06795Rp29269.jpg,0,28.752220153808594,28.752220153808594,1,0,0,0,0,0,0,1,0,0,0,0,0,1,0,0
ID_444M9JGO9P,L325F00557C39S12175Rp34064.jpg,0,0.0,0.0,0,0,1,0,0,0,0,1,0,0,0,0,0,0,0,1
ID_WXA5J18KCO,L1142F00442C39S11802Ip.jpg,0,0.0,0.0,0,0,0,1,0,0,0,0,0,0,1,0,0,0,0,1
ID_1OZBAPW3LH,L1094F04337C01S07341Rp15416.jpg,0,0.0,0.0,0,0,0,1,0,0,0,1,0,0,0,0,0,1,0,0
ID_GY90NLDPAV,171_repeat_2_2291_3861_2446.JPG,80,1.878572940826416,78.12142705917358,0,1,0,0,1,0,0,0,0,0,0,0,1,0,0,0
ID_3IQRGTS68V,L331F04163C01S06842Rp25668.jpg,40,43.09821701049805,3.098217010498047,0,1,0,0,1,0,0,0,0,0,0,0,0,1,0,0
ID_R20W1CPCCR,L406F04371C39S12390Rp46463.jpg,0,0.0,0.0,0,0,0,1,0,0,0,0,0,0,1,0,0,0,0,1
ID_CSCIH9KLJP,L131F03891C01S06929Rp15949.jpg,0,0.0,0.0,0,0,1,0,0,0,0,1,0,0,0,0,0,1,0,0
ID_ZB1G8BPIPI,L134F00758C39S14168Rp47136.jpg,20,89.23059844970703,69.23059844970703,1,0,0,0,1,0,0,0,0,0,0,0,0,0,0,1
ID_T79ISXIM0F,L1084F03437C01S07658Rp21284.jpg,0,0.0,0.0,0,0,0,1,0,0,0,0,0,0,1,0,0,1,0,0
ID_VJOJCH7AQ6,L1116F01732C39S11976Ip.jpg,0,0.0,0.0,0,0,0,1,0,0,0,0,0,0,1,0,0,0,0,1
ID_QIYP0Z5RS1,L1094F04326C01S07347Rp21370.jpg,0,0.0,0.0,0,0,0,1,0,0,0,1,0,0,0,0,0,1,0,0
ID_3JU5J9JJ9U,L1083F02417C39S11797Rp32593.jpg,0,0.0,0.0,0,0,0,1,0,0,0,0,0,0,1,0,0,0,0,1
ID_KMBM44ZL1P,L1123F00376C39S11926Rp40454.jpg,40,11.683489799499512,28.31651020050049,0,1,0,0,1,0,0,0,0,0,0,0,0,0,0,1
ID_PRU9O9D0HP,L436F00203C01S01075Rp12913.jpg,90,0.0,90.0,0,1,0,0,1,0,0,0,0,0,0,0,0,0,1,0
ID_3I17ERDHPK,L353F01260C02S07827Rp18122.jpg,0,6.056199073791504,6.056199073791504,0,0,0,1,0,0,0,1,0,0,0,0,0,1,0,0
ID_ES89U0K1I4,146_repeat_2_1142_4575_2963.JPG,0,0.0,0.0,0,1,0,0,0,0,0,1,0,0,0,0,1,0,0,0
ID_M1WQ2NE4SZ,L124F00332C01S00244Rp08165.jpg,0,2.874389886856079,2.874389886856079,0,1,0,0,0,0,0,1,0,0,0,0,0,0,1,0
ID_DPJA9FNJUA,L1116F00429C01S08851Rp32341.jpg,0,0.0,0.0,0,1,0,0,0,0,0,0,0,0,1,0,0,1,0,0
ID_X6R01Q945R,158_repeat_2_1490_5952_4295.JPG,80,17.105396270751953,62.89460372924805,0,1,0,0,1,0,0,0,0,0,0,0,1,0,0,0
ID_YQRNI96ITQ,L1139F00473C01S01590Ip.jpg,0,0.0,0.0,1,0,0,0,0,0,0,0,0,0,1,0,0,0,1,0
ID_CV90T9VCHD,L231F00548C41S12817Rp45648.jpg,0,7.874963760375977,7.874963760375977,0,0,0,1,0,0,0,1,0,0,0,0,0,0,0,1
ID_GK5AED83AX,L1094F00655C01S00335Rp00494.jpg,0,2.5710608959198,2.5710608959198,0,0,0,1,0,0,0,1,0,0,0,0,0,0,1,0
ID_Y47GL6HGZW,L1124F01752C01S07524Rp17665.jpg,0,0.33952468633651733,0.33952468633651733,0,0,1,0,0,0,0,0,0,0,1,0,0,1,0,0
ID_Z2RLBY6ZAC,L430F02458C39S13912Rp40380.jpg,0,0.0,0.0,0,0,0,1,0,0,0,0,0,0,1,0,0,0,0,1
ID_A319OASEHY,L222F01955C39S14267Rp37031.jpg,0,3.8330283164978027,3.8330283164978027,0,0,0,1,0,0,0,1,0,0,0,0,0,0,0,1
ID_3QP6F13HGG,L411F00212C01S08006Rp20865.jpg,0,0.0,0.0,0,0,0,1,0,0,0,0,0,0,1,0,0,1,0,0
ID_H3PG90QLW3,L222F02862C01S10150Rp27895.jpg,0,87.51022338867188,87.51022338867188,0,1,0,0,0,0,0,0,0,0,1,0,0,1,0,0
ID_UPNZY492IB,L331F04171C01S04113Ip.jpg,0,0.0,0.0,0,0,0,1,0,0,0,0,0,0,1,0,0,0,1,0
ID_62R9LR2E3C,L131F03903C39S12720Rp48462.jpg,60,21.128446578979492,38.87155342102051,1,0,0,0,1,0,0,0,0,0,0,0,0,0,0,1
ID_Q0Z7EVMZUN,L1123F01062C39S12013Ip.jpg,0,0.0,0.0,0,0,0,1,0,0,0,0,0,0,1,0,0,0,0,1
ID_QYPR55JKW5,L342F00565C39S13426Rp33268.jpg,0,9.566115379333496,9.566115379333496,0,0,1,0,0,0,0,1,0,0,0,0,0,0,0,1
ID_2Y6O2KD5V6,L1093F01908C01S00998Rp07967.jpg,30,0.0,30.0,0,1,0,0,1,0,0,0,0,0,0,0,0,0,1,0
ID_KXXA40MHIB,L398F00102C01S06805Rp18425.jpg,0,0.0,0.0,0,0,0,1,0,0,0,1,0,0,0,0,0,1,0,0
ID_4SGJ4YLWPG,L353F01662C01S07375Rp16959.jpg,0,0.0,0.0,0,0,0,1,0,0,0,1,0,0,0,0,0,1,0,0
ID_SIUGRFLNOQ,L323F00157C01S07834Rp22199.jpg,0,16.003341674804688,16.003341674804688,0,1,0,0,0,0,0,1,0,0,0,0,0,1,0,0
ID_A0KP6CIANW,L144F01957C01S07428Rp24106.jpg,20,0.0,20.0,0,1,0,0,1,0,0,0,0,0,0,0,0,1,0,0
ID_P3050GFYYS,L341F01298C01S00367Rp12634.jpg,20,54.84322738647461,34.84322738647461,0,1,0,0,1,0,0,0,0,0,0,0,0,0,1,0
ID_1GW1M8ZT6L,L134F00872C01S09783Rp29237.jpg,30,0.0,30.0,1,0,0,0,1,0,0,0,0,0,0,0,0,1,0,0
ID_5HUYOND8IU,L243F04628C03S06798Rp22567.jpg,20,0.0,20.0,0,1,0,0,1,0,0,0,0,0,0,0,0,1,0,0
ID_MM74AZDV0G,L1116F01229C39S12528Rp38186.jpg,30,0.0,30.0,0,1,0,0,1,0,0,0,0,0,0,0,0,0,0,1
ID_3Q4GMAS00E,L353F01662C01S04806Rp14445.jpg,80,7.074275970458984,72.92572402954102,0,1,0,0,1,0,0,0,0,0,0,0,0,0,1,0
ID_UD6XF9V9E3,L1144F04459C01S09249Rp20944.jpg,0,0.0,0.0,0,0,0,1,0,0,0,0,0,0,1,0,0,1,0,0
ID_T11Z6K6528,L371F00382C01S09279Rp26060.jpg,10,11.636701583862305,1.6367015838623047,1,0,0,0,1,0,0,0,0,0,0,0,0,1,0,0
ID_T6ML4XNV2W,L1089F01146C39S11981Rp41722.jpg,30,5.306758403778076,24.693241596221924,0,1,0,0,1,0,0,0,0,0,0,0,0,0,0,1
ID_FIL1RA8M53,L435F01313C39S14964Ip.jpg,0,0.0,0.0,0,0,1,0,0,0,0,1,0,0,0,0,0,0,0,1
ID_ZIE0P640YS,L1116F01189C01S09050Rp30092.jpg,0,10.973278999328613,10.973278999328613,0,1,0,0,0,0,0,1,0,0,0,0,0,1,0,0
ID_YZ31UIDHEW,L1083F03187C01S07793Rp15504.jpg,0,0.0,0.0,0,0,0,1,0,0,0,1,0,0,0,0,0,1,0,0
ID_64SIKE5FRI,L1124F02103C01S06758Rp17995.jpg,0,0.0,0.0,0,0,0,1,0,0,0,0,0,0,1,0,0,1,0,0
ID_9UNSFZQMXG,L1133F00048C39S12412Rp33019.jpg,0,0.0,0.0,0,0,0,1,0,0,0,0,0,0,1,0,0,0,0,1
ID_3TOOFBLIVI,L141F02587C01S02289Rp11951.jpg,0,50.436981201171875,50.436981201171875,0,1,0,0,0,0,0,1,0,0,0,0,0,0,1,0
ID_EQ91LFW2U8,L242F04036C40S14080Ip.jpg,0,0.0,0.0,0,0,1,0,0,0,0,1,0,0,0,0,0,0,0,1
ID_QLDN652E37,L321F01932C01S07111Rp15169.jpg,0,0.0,0.0,0,0,0,1,0,0,0,0,0,0,1,0,0,1,0,0
ID_0PS5GEBH5K,L121F00592C01S04298Rp05632.jpg,0,0.0,0.0,0,0,0,1,0,0,0,0,0,0,1,0,0,0,1,0
ID_K33BDLIQKZ,L1084F01066C01S07274Rp23459.jpg,0,5.01735782623291,5.01735782623291,1,0,0,0,0,0,0,1,0,0,0,0,0,1,0,0
ID_UXPJECV6A7,L231F03553C41S12506Rp42526.jpg,0,0.0,0.0,1,0,0,0,0,0,0,0,0,0,1,0,0,0,0,1
ID_XTRFQX0Q15,L341F01426C01S00376Rp01634.jpg,0,2.008058547973633,2.008058547973633,0,0,0,1,0,0,0,1,0,0,0,0,0,0,1,0
ID_FN23LBWXJF,L124F00563C39S13201Rp47467.jpg,0,4.883141040802002,4.883141040802002,0,1,0,0,0,0,0,1,0,0,0,0,0,0,0,1
ID_OBRJFPKNE2,L222F02261C01S03633Ip.jpg,0,0.0,0.0,0,0,0,1,0,0,0,0,0,0,1,0,0,0,1,0
ID_WZPK69UZCY,L365F01913C01S09143Rp19231.jpg,0,0.0,0.0,0,0,0,1,0,0,0,1,0,0,0,0,0,1,0,0
ID_7SD29GS5NO,L376F02204C39S14797Ip.jpg,0,0.0,0.0,0,0,1,0,0,0,0,1,0,0,0,0,0,0,0,1
ID_HT9MW333V6,L435F00200C01S07377Rp29959.jpg,0,0.0,0.0,1,0,0,0,0,0,0,0,0,0,1,0,0,1,0,0
ID_T8248S68BH,L341F00168C01S01030Rp01626.jpg,10,0.0,10.0,0,0,0,1,1,0,0,0,0,0,0,0,0,0,1,0
ID_HLDIOBWVOZ,L144F03571C03S08785Rp16391.jpg,0,0.0,0.0,0,0,1,0,0,0,0,0,0,0,1,0,0,1,0,0
ID_7Q43W0XZWD,L243F04638C03S06796Rp15505.jpg,0,0.0,0.0,0,0,0,1,0,0,0,0,0,0,1,0,0,1,0,0
ID_1GQVFRUV97,L222F00385C39S14643Rp46682.jpg,0,29.793201446533203,29.793201446533203,0,1,0,0,0,0,0,0,0,0,1,0,0,0,0,1
ID_ZOT6C605N6,L1094F03250C39S11759Rp41653.jpg,50,100.0,50.0,0,1,0,0,1,0,0,0,0,0,0,0,0,0,0,1
ID_O61H2GMQY3,L1136F01518C39S11644Ip.jpg,0,0.0,0.0,0,0,0,1,0,0,0,0,0,0,1,0,0,0,0,1
ID_SLON6LGJ1U,L1115F01288C01S09087Rp19408.jpg,0,0.0,0.0,0,0,0,1,0,0,0,1,0,0,0,0,0,1,0,0
ID_KJY9TAA2AH,L1137F01500C01S09897Rp27374.jpg,0,2.1957430839538574,2.1957430839538574,1,0,0,0,0,0,0,1,0,0,0,0,0,1,0,0
ID_5LQ070DH5L,L133F03171C39S14738Ip.jpg,0,1.1929869651794434,1.1929869651794434,0,0,1,0,0,0,0,0,0,0,1,0,0,0,0,1
ID_YAZHV6U2XB,L1083F03426C01S01996Ip.jpg,0,0.0,0.0,1,0,0,0,0,0,0,0,0,0,1,0,0,0,1,0
ID_DQXSMRIYBM,70_repeat_2_2056_1234_936.JPG,0,38.37607955932617,38.37607955932617,0,0,0,1,0,0,0,1,0,0,0,0,1,0,0,0
ID_HT8NCAQ6XL,L426F01041C41S14971Rp45742.jpg,0,0.0,0.0,0,0,0,1,0,0,0,1,0,0,0,0,0,0,0,1
ID_CTL7I4E1NY,6_repeat_2_2600_3144_1972.JPG,0,0.0,0.0,0,0,0,1,0,0,0,1,0,0,0,0,1,0,0,0
ID_997H6GWCYV,L1123F03040C20S10586Rp27329.jpg,0,0.0,0.0,0,1,0,0,0,0,0,0,0,0,1,0,0,1,0,0
ID_US0ORDRDG0,L1155F04257C01S07220Rp22626.jpg,0,4.262849807739258,4.262849807739258,0,1,0,0,0,0,0,1,0,0,0,0,0,1,0,0
ID_3BIOA7MKK2,L141F01849C39S12554Ip.jpg,0,10.872337341308594,10.872337341308594,0,0,1,0,0,0,0,1,0,0,0,0,0,0,0,1
ID_KFK4JRMI65,L322F02665C01S04168Rp05354.jpg,0,0.0,0.0,0,0,0,1,0,0,0,1,0,0,0,0,0,0,1,0
ID_6JST30R1J3,L1083F02873C39S12116Rp35216.jpg,0,0.0,0.0,0,0,0,1,0,0,0,1,0,0,0,0,0,0,0,1
ID_YOHNLUKPUG,216_repeat_2_1087_3237_2078.JPG,0,0.0,0.0,1,0,0,0,0,0,0,1,0,0,0,0,1,0,0,0
ID_F9Z02BBK12,L1093F01350C01S00978Rp07940.jpg,60,0.0,60.0,0,1,0,0,1,0,0,0,0,0,0,0,0,0,1,0
ID_GDI6X0JN67,L406F04351C39S14227Rp39067.jpg,0,0.0,0.0,0,0,1,0,0,0,0,1,0,0,0,0,0,0,0,1
ID_2GAN0DKUTZ,L325F00557C01S00343Rp13952.jpg,40,37.73139572143555,2.268604278564453,0,1,0,0,1,0,0,0,0,0,0,0,0,0,1,0
ID_FQVAFSBCL5,L371F04458C39S12526Rp36714.jpg,0,0.0,0.0,0,0,1,0,0,0,0,1,0,0,0,0,0,0,0,1
ID_RQQX1O6AZV,L133F03014C01S00293Rp10991.jpg,50,6.404568195343018,43.59543180465698,0,1,0,0,1,0,0,0,0,0,0,0,0,0,1,0
ID_6U749OK6FC,L992F04370C42S11917Ip.jpg,0,0.0,0.0,0,0,1,0,0,0,0,0,0,0,1,0,0,0,0,1
ID_QF2RC4EKCT,L361F02068C39S13048Rp35388.jpg,0,24.770633697509766,24.770633697509766,0,0,0,1,0,0,0,1,0,0,0,0,0,0,0,1
ID_UVPA5D78ZN,L430F01265C01S01248Ip.jpg,0,0.0,0.0,0,0,1,0,0,0,0,1,0,0,0,0,0,0,1,0
ID_C6ZPEMW3QN,L1124F00053C01S00270Rp01537.jpg,0,11.47158432006836,11.47158432006836,0,1,0,0,0,0,0,1,0,0,0,0,0,0,1,0
ID_L3JXXMV0K8,L222F03300C42S12805Rp43918.jpg,0,0.0,0.0,1,0,0,0,0,0,0,0,0,0,1,0,0,0,0,1
ID_T17MZROGWZ,L141F01836C39S12521Rp41279.jpg,0,0.0,0.0,0,0,0,1,0,0,0,0,0,0,1,0,0,0,0,1
ID_SKTAXNQPKF,L1150F00631C39S12210Ip.jpg,0,0.0,0.0,0,0,0,1,0,0,0,1,0,0,0,0,0,0,0,1
ID_VVSFHZ9AT5,L376F01611C01S07673Rp23062.jpg,0,0.0,0.0,0,0,0,1,0,0,0,0,0,0,1,0,0,1,0,0
ID_KJPHITX8HQ,L354F03979C39S13326Rp44945.jpg,10,19.464643478393555,9.464643478393555,1,0,0,0,1,0,0,0,0,0,0,0,0,0,0,1
ID_ORI88X4WNG,227_repeat_2_1074_3241_2082.JPG,0,7.244804382324219,7.244804382324219,1,0,0,0,0,0,0,1,0,0,0,0,1,0,0,0
ID_AFCUC6L045,L341F03787C01S04890Rp02815.jpg,0,8.157242774963379,8.157242774963379,0,0,0,1,0,0,0,1,0,0,0,0,0,0,1,0
ID_6EQX27O6OK,L1089F01275C01S00971Ip.jpg,0,0.0,0.0,0,0,0,1,0,0,0,0,0,0,1,0,0,0,1,0
ID_7G0UMINODV,L1150F01424C01S05420Ip.jpg,0,8.29659366607666,8.29659366607666,1,0,0,0,0,0,0,1,0,0,0,0,0,0,1,0
ID_0KEF6LTYGH,L141F00941C39S12518Rp39378.jpg,0,0.0,0.0,0,0,0,1,0,0,0,1,0,0,0,0,0,0,0,1
ID_P3KP5LU61G,L323F03352C01S03113Rp11348.jpg,0,1.858514666557312,1.858514666557312,0,1,0,0,0,0,0,0,0,0,1,0,0,0,1,0
ID_TP97QT31HM,229_repeat_2_2062_626_448.JPG,0,0.0,0.0,0,0,0,1,0,0,0,0,0,0,1,0,1,0,0,0
ID_VQH97OXEOM,246_repeat_2_1392_321_224.JPG,0,0.0,0.0,0,0,0,1,0,0,0,1,0,0,0,0,1,0,0,0
ID_7TJVU4V4AZ,L361F01590C01S02626Rp02209.jpg,0,0.0,0.0,0,0,0,1,0,0,0,0,0,0,1,0,0,0,1,0
ID_8TLSVF4U2Y,L133F03014C39S14530Rp38487.jpg,0,0.0,0.0,0,0,0,1,0,0,0,0,0,0,1,0,0,0,0,1
ID_GHZ8APU8BO,217_repeat_2_2052_4174_2752.JPG,0,0.0,0.0,1,0,0,0,0,0,0,1,0,0,0,0,1,0,0,0
ID_VTOIMQUDYM,L361F01300C01S04826Rp13971.jpg,0,0.0,0.0,1,0,0,0,0,0,0,1,0,0,0,0,0,0,1,0
ID_ZSED1TO1R2,L992F04356C01S07256Rp17127.jpg,0,0.0,0.0,0,0,0,1,0,0,0,1,0,0,0,0,0,1,0,0
ID_S6D7DJAKDT,L1150F02014C39S14860Rp38299.jpg,0,0.0,0.0,0,1,0,0,0,0,0,0,0,0,1,0,0,0,0,1
ID_GB6RCSO3LA,L1116F01905C01S01547Rp00799.jpg,0,0.0,0.0,0,0,0,1,0,0,0,0,0,0,1,0,0,0,1,0
ID_F6VG5HRDNU,L1122F02114C01S05128Rp06148.jpg,0,2.329509973526001,2.329509973526001,0,1,0,0,0,0,0,0,1,0,0,0,0,0,1,0
ID_CMXNNUYDXT,L354F03983C01S03091Rp04665.jpg,0,0.0,0.0,0,0,0,1,0,0,0,0,0,0,1,0,0,0,1,0
ID_7C80Y7CLDI,L331F04679C01S11061Rp23123.jpg,0,4.589301586151123,4.589301586151123,0,1,0,0,0,0,0,1,0,0,0,0,0,1,0,0
ID_5RLWZWH3IO,L428F02886C39S14103Rp35449.jpg,0,0.0,0.0,0,0,1,0,0,0,0,1,0,0,0,0,0,0,0,1
ID_1PKQGET8O8,L376F03264C39S14382Rp44086.jpg,0,0.0,0.0,0,0,0,1,0,0,0,0,0,0,1,0,0,0,0,1
ID_5JDSO0ZSEI,L134F00769C01S05284Rp06421.jpg,0,0.0,0.0,1,0,0,0,0,0,0,0,0,0,1,0,0,0,1,0
ID_RO1LXO3T5S,L1148F03026C39S13976Dp35114.jpg,10,49.877376556396484,39.877376556396484,1,0,0,0,1,0,0,0,0,0,0,0,0,0,0,1
ID_JTKMGN9B6A,L121F01791C01S10660Rp19158.jpg,0,0.0,0.0,0,0,0,1,0,0,0,0,0,0,1,0,0,1,0,0
ID_7L7N9W2SML,L410F00106C01S01356Rp12763.jpg,0,0.0,0.0,0,1,0,0,0,0,0,1,0,0,0,0,0,0,1,0
ID_F7CHTZMRJX,L429F00352C39S14293Rp43584.jpg,0,0.0,0.0,0,0,0,1,0,0,0,0,0,0,1,0,0,0,0,1
ID_TCUMV5DRMO,L354F00181C01S00963Rp11014.jpg,50,3.757061719894409,46.24293828010559,0,1,0,0,1,0,0,0,0,0,0,0,0,0,1,0
ID_MFBBLRIRRG,L341F02738C42S13247Rp36149.jpg,0,0.0,0.0,1,0,0,0,0,0,0,1,0,0,0,0,0,0,0,1
ID_R7T3EQCHJM,L321F01936C01S05654Ip.jpg,0,17.27764129638672,17.27764129638672,0,0,0,1,0,0,0,1,0,0,0,0,0,0,1,0
ID_X6JI5QAWS7,L1155F04253C39S11637Rp38165.jpg,0,14.182666778564453,14.182666778564453,1,0,0,0,0,0,0,0,0,0,1,0,0,0,0,1
ID_XB0O93XEXJ,L1093F00035C39S11540Rp34791.jpg,50,0.0,50.0,0,1,0,0,1,0,0,0,0,0,0,0,0,0,0,1
ID_GRUSR0EX4K,L376F00634C01S07898Rp23267.jpg,30,8.769204139709473,21.230795860290527,1,0,0,0,1,0,0,0,0,0,0,0,0,1,0,0
ID_C577A3K1CW,L1144F00069C01S08546Rp20574.jpg,0,0.0,0.0,0,0,0,1,0,0,0,0,0,0,1,0,0,1,0,0
ID_Y7QCMJZOHP,L1083F03187C01S07793Rp24921.jpg,0,6.394703388214111,6.394703388214111,0,1,0,0,0,0,0,0,0,0,1,0,0,1,0,0
ID_4REVPAQE6C,L142F02090C01S02753Rp12266.jpg,0,0.0,0.0,1,0,0,0,0,0,0,1,0,0,0,0,0,0,1,0
ID_85V6TYFI3H,226_repeat_2_1078_1578_1167.JPG,0,0.0,0.0,0,0,0,1,0,0,0,1,0,0,0,0,1,0,0,0
ID_2Q9XTLCGG6,L141F01953C39S12522Rp45930.jpg,0,41.92307662963867,41.92307662963867,0,1,0,0,0,0,0,1,0,0,0,0,0,0,0,1
ID_XQAV9VP2MU,L124F02764C39S13530Rp37934.jpg,0,0.0,0.0,0,0,0,1,0,0,0,1,0,0,0,0,0,0,0,1
ID_HPMT3KURL8,L342F02591C01S03294Rp08990.jpg,0,24.45588493347168,24.45588493347168,0,1,0,0,0,0,0,0,0,0,1,0,0,0,1,0
ID_1MSKGDTYUN,L371F03374C01S04812Rp11417.jpg,0,33.71157455444336,33.71157455444336,0,0,1,0,0,0,0,0,0,0,1,0,0,0,1,0
