ID,filename,extent,growth_stage_F,growth_stage_M,growth_stage_S,growth_stage_V,damage_DR,damage_DS,damage_FD,damage_G,damage_ND,damage_PS,damage_WD,damage_WN,season_LR2020,season_LR2021,season_SR2020,season_SR2021
ID_1HGLIMO06J,L342F01845C39S14028Rp48896.jpg,1,0,1,0,0,1,0,0,0,0,0,0,0,0,0,0,1
ID_BQC9OEGUWU,L134F00845C01S05275Rp14570.jpg,1,0,1,0,0,1,0,0,0,0,0,0,0,0,0,1,0
ID_1A1V9CPJQN,L1124F02103C01S00994Rp02177.jpg,1,0,1,0,0,1,0,0,0,0,0,0,0,0,0,1,0
ID_1HM9MURHC5,L333F02012C01S03728Rp14767.jpg,0,0,1,0,0,0,0,0,1,0,0,0,0,0,0,1,0
ID_YCPCTRK6O6,L371F04458C39S12526Rp49180.jpg,1,0,1,0,0,1,0,0,0,0,0,0,0,0,0,0,1
ID_KOGHQ7X487,L376F03264C39S14382Rp46331.jpg,0,0,0,0,1,0,0,0,1,0,0,0,0,0,0,0,1
ID_QJ6GOMZ7HJ,L1133F00287C01S00155Rp00034.jpg,0,0,1,0,0,0,0,0,1,0,0,0,0,0,0,1,0
ID_PPEP1S5PCK,L222F00970C39S14109Rp43173.jpg,0,0,1,0,0,0,0,0,0,0,0,1,0,0,0,0,1
ID_M6ND638P3I,30_repeat_2_1429_4151_2731.JPG,0,1,0,0,0,0,0,0,1,0,0,0,0,1,0,0,0
ID_MNIGFF1916,L134F00875C01S01078Rp12395.jpg,1,0,1,0,0,1,0,0,0,0,0,0,0,0,0,1,0
ID_V18ZL6ZZGR,L1094F04345C01S07343Rp20822.jpg,0,0,0,0,1,0,0,0,1,0,0,0,0,0,1,0,0
ID_3I2SDQXQFO,L1094F00036C01S00071Rp08123.jpg,1,0,1,0,0,1,0,0,0,0,0,0,0,0,0,1,0
ID_U45E5M535A,L1084F03198C01S00078Rp08446.jpg,1,0,1,0,0,1,0,0,0,0,0,0,0,0,0,1,0
ID_EVUUZQKSS4,L231F01717C40S14543Rp46282.jpg,1,0,0,0,1,1,0,0,0,0,0,0,0,0,0,0,1
ID_PB4G56OPI8,214_repeat_2_2418_5781_4155.JPG,0,0,1,0,0,0,0,0,0,1,0,0,0,1,0,0,0
ID_J9734819I8,158_repeat_2_1491_5507_3883.JPG,1,0,1,0,0,1,0,0,0,0,0,0,0,1,0,0,0
ID_PRU9O9D0HP,L436F00203C01S01075Rp12913.jpg,1,0,1,0,0,1,0,0,0,0,0,0,0,0,0,1,0
ID_CF3OGINW5V,L322F03308C01S04234Rp13116.jpg,0,1,0,0,0,0,0,0,0,0,0,1,0,0,0,1,0
ID_5IZBRDVE3E,L342F02109C01S03391Rp13549.jpg,1,0,1,0,0,1,0,0,0,0,0,0,0,0,0,1,0
ID_MXLENYQFTI,L1095F00444C01S00183Rp08630.jpg,1,0,1,0,0,1,0,0,0,0,0,0,0,0,0,1,0
ID_PUP47BRH97,L1133F01842C01S01532Rp06513.jpg,1,0,1,0,0,1,0,0,0,0,0,0,0,0,0,1,0
ID_H868G494BC,L428F03469C39S14417Rp47524.jpg,1,0,0,0,1,1,0,0,0,0,0,0,0,0,0,0,1
ID_OJHUFG3688,L134F00089C01S02645Rp12322.jpg,1,0,1,0,0,1,0,0,0,0,0,0,0,0,0,1,0
ID_GI6DM0TECQ,L1150F01224C39S14848Dp42057.jpg,1,0,0,0,1,1,0,0,0,0,0,0,0,0,0,0,1
ID_PUJYOPYEC2,L405F01709C01S08304Rp32230.jpg,0,0,1,0,0,0,0,0,1,0,0,0,0,0,1,0,0
ID_L2VRV98QM3,L410F01562C01S02763Rp13763.jpg,1,0,1,0,0,1,0,0,0,0,0,0,0,0,0,1,0
ID_AA1HUDRV13,L341F02738C01S00942Rp13967.jpg,1,0,1,0,0,1,0,0,0,0,0,0,0,0,0,1,0
ID_7SP1ASHOWA,L341F03787C01S06860Rp18344.jpg,0,0,0,0,1,0,0,0,1,0,0,0,0,0,1,0,0
ID_IKV85OCZ3N,L332F02802C01S00345Rp06710.jpg,0,0,0,0,1,0,0,0,1,0,0,0,0,0,0,1,0
ID_K9P2JPZFUI,L415F01617C39S14442Ip.jpg,0,0,0,1,0,0,0,0,1,0,0,0,0,0,0,0,1
ID_S9IOVICDYX,L314F03000C01S03490Rp10403.jpg,0,0,0,0,1,0,0,0,0,0,0,1,0,0,0,1,0
ID_7UPHEZUB5R,L1153F03614C01S01610Rp10454.jpg,1,0,1,0,0,1,0,0,0,0,0,0,0,0,0,1,0
ID_8IHI91KU42,L429F00658C01S01258Rp04577.jpg,0,0,0,0,1,0,0,0,0,0,0,1,0,0,0,1,0
ID_2WKF0DUF6X,L341F02738C01S00942Rp14936.jpg,1,0,1,0,0,1,0,0,0,0,0,0,0,0,0,1,0
ID_XO9KWWT9FZ,234_repeat_2_1193_5842_4223.JPG,0,1,0,0,0,0,0,0,0,0,0,1,0,1,0,0,0
ID_1OP9UV3LIM,L1084F03259C01S00075Rp06923.jpg,1,0,1,0,0,1,0,0,0,0,0,0,0,0,0,1,0
ID_75TLT02M84,L141F00530C01S01686Rp12840.jpg,0,0,1,0,0,0,0,0,1,0,0,0,0,0,0,1,0
ID_04HTA40P09,L1089F02252C01S06763Rp24522.jpg,1,0,1,0,0,1,0,0,0,0,0,0,0,0,1,0,0
ID_ZPT3UZWLED,L410F03421C01S08292Rp23599.jpg,0,1,0,0,0,0,0,0,0,0,0,1,0,0,1,0,0
ID_6WZZ4TC1W1,L1153F02897C01S01421Rp02731.jpg,0,1,0,0,0,0,0,0,1,0,0,0,0,0,0,1,0
ID_511KVAFA9R,L1155F04254C01S07809Rp21365.jpg,0,0,0,0,1,0,0,0,0,0,0,1,0,0,1,0,0
ID_Y95Y11OPHH,L1083F02201C01S08088Rp32192.jpg,0,0,1,0,0,0,0,0,0,0,0,1,0,0,1,0,0
ID_CALWUXGZI5,L232F01019C03S07327Rp25053.jpg,0,0,1,0,0,0,0,0,0,0,0,1,0,0,1,0,0
ID_BG3YBK4UN9,L1116F03037C01S07613Rp19174.jpg,0,0,0,0,1,0,0,0,1,0,0,0,0,0,1,0,0
ID_61MVPX99CB,L406F02438C01S03116Rp14796.jpg,1,0,1,0,0,1,0,0,0,0,0,0,0,0,0,1,0
ID_K0FTCQVF1U,L361F02340C01S03417Rp15034.jpg,1,0,1,0,0,1,0,0,0,0,0,0,0,0,0,1,0
ID_81PDVY045F,L134F00852C01S01079Rp08186.jpg,0,0,0,0,1,0,0,0,0,0,0,1,0,0,0,1,0
ID_V68K0WHKB1,L222F03358C39S14653Rp46674.jpg,0,0,1,0,0,0,0,0,0,0,0,1,0,0,0,0,1
ID_6EJPE7YSDJ,L222F01391C01S02999Rp09133.jpg,0,0,1,0,0,0,0,0,1,0,0,0,0,0,0,1,0
ID_OOLXKM5CVR,11_repeat_2_2419_5480_3865.JPG,0,0,1,0,0,0,0,0,1,0,0,0,0,1,0,0,0
ID_KSYWYOS2PT,L435F03585C39S14957Rp48201.jpg,1,0,0,0,1,1,0,0,0,0,0,0,0,0,0,0,1
ID_UYC86HMSFF,225_repeat_2_1197_5961_4311.JPG,1,0,1,0,0,1,0,0,0,0,0,0,0,1,0,0,0
ID_QT5RF820S3,L134F00092C01S00173Rp13529.jpg,1,0,1,0,0,1,0,0,0,0,0,0,0,0,0,1,0
ID_QF614CX1LP,L354F00181C01S00963Rp14985.jpg,1,0,1,0,0,1,0,0,0,0,0,0,0,0,0,1,0
ID_EJQ7J61V43,L133F00686C01S01088Rp11884.jpg,1,0,1,0,0,1,0,0,0,0,0,0,0,0,0,1,0
ID_KG0DEUMOTT,L134F00821C01S05238Rp14044.jpg,1,0,1,0,0,1,0,0,0,0,0,0,0,0,0,1,0
ID_XP5KZWID2O,L429F03239C39S14836Rp49050.jpg,1,1,0,0,0,1,0,0,0,0,0,0,0,0,0,0,1
ID_9MQH96NQHZ,L431F00229C01S00529Rp02503.jpg,0,0,0,0,1,0,0,0,1,0,0,0,0,0,0,1,0
ID_XN81PTDT1I,L133F00716C01S00627Rp13535.jpg,1,0,1,0,0,1,0,0,0,0,0,0,0,0,0,1,0
ID_H9GN0270HM,L133F00737C01S03192Rp14062.jpg,1,0,1,0,0,1,0,0,0,0,0,0,0,0,0,1,0
ID_DH2PC46M5Q,L1095F03416C39S13817Dp43707.jpg,0,0,1,0,0,0,0,0,1,0,0,0,0,0,0,0,1
ID_75P8RVAJJL,L1093F00010C01S02842Rp10801.jpg,1,0,1,0,0,1,0,0,0,0,0,0,0,0,0,1,0
ID_EXY9Y51FPH,L428F02700C41S12411Rp49377.jpg,1,0,1,0,0,1,0,0,0,0,0,0,0,0,0,0,1
ID_VJFFI2MBZQ,L222F01762C01S06827Rp15111.jpg,0,0,0,1,0,0,0,0,0,0,0,1,0,0,1,0,0
ID_J0FT1CY09J,L1115F00029C01S00141Rp07177.jpg,1,0,1,0,0,1,0,0,0,0,0,0,0,0,0,1,0
ID_J9947HQKJ6,L1094F02890C01S01972Rp05438.jpg,1,0,1,0,0,1,0,0,0,0,0,0,0,0,0,1,0
ID_6O8THZLYJE,L435F00199C01S01158Rp14678.jpg,1,0,1,0,0,1,0,0,0,0,0,0,0,0,0,1,0
ID_JT6XOBLEKV,L133F03263C39S14041Rp48521.jpg,1,0,1,0,0,1,0,0,0,0,0,0,0,0,0,0,1
ID_L72MS77ZBO,L354F03994C01S01040Rp14991.jpg,1,0,1,0,0,1,0,0,0,0,0,0,0,0,0,1,0
ID_1RESSOFJLZ,L376F00452C39S14384Rp38791.jpg,0,0,0,0,1,0,0,0,0,0,0,1,0,0,0,0,1
ID_C982LRFSRS,L436F02074C01S09960Rp19894.jpg,0,0,0,0,1,0,0,0,1,0,0,0,0,0,1,0,0
ID_H71DFFJZDY,L429F04541C39S13968Rp43249.jpg,0,0,0,1,0,0,0,0,0,0,0,1,0,0,0,0,1
ID_6AOWS9UX6Y,L354F03985C01S03089Rp14307.jpg,1,0,1,0,0,1,0,0,0,0,0,0,0,0,0,1,0
ID_VMLCSGUV5Q,139_repeat_2_1528_6318_4689.JPG,1,0,1,0,0,1,0,0,0,0,0,0,0,1,0,0,0
ID_XQ20RA8XR8,L1084F02299C01S02998Rp09619.jpg,1,0,1,0,0,1,0,0,0,0,0,0,0,0,0,1,0
ID_41CU5QBYME,L1093F01799C01S02004Rp00777.jpg,0,0,1,0,0,0,0,0,0,0,0,1,0,0,0,1,0
ID_Y9NF7Y4M2C,L134F00872C39S14245Rp47700.jpg,1,1,0,0,0,1,0,0,0,0,0,0,0,0,0,0,1
ID_JHB852WNRF,L1133F02020C39S12440Ip.jpg,0,0,0,0,1,0,0,0,1,0,0,0,0,0,0,0,1
ID_RCBUF8QW1L,L325F03081C01S00070Rp02021.jpg,0,0,0,0,1,0,0,0,0,0,0,1,0,0,0,1,0
ID_AKUKMDDHPB,L353F00177C01S01304Rp07642.jpg,0,0,1,0,0,0,0,0,1,0,0,0,0,0,0,1,0
ID_5Q5CF5CA66,L435F00204C01S01733Rp08756.jpg,0,1,0,0,0,0,0,0,0,0,0,1,0,0,0,1,0
ID_ANWYIZNU34,171_repeat_2_2291_3748_2423.JPG,1,0,1,0,0,1,0,0,0,0,0,0,0,1,0,0,0
ID_DQOVX2MTR8,L354F00181C01S00963Rp12057.jpg,1,0,1,0,0,1,0,0,0,0,0,0,0,0,0,1,0
ID_9HK31DKXXX,L141F03044C39S14008Rp47944.jpg,1,0,1,0,0,1,0,0,0,0,0,0,0,0,0,0,1
ID_92FTV5O56F,L1084F03437C01S02993Rp09439.jpg,1,0,1,0,0,1,0,0,0,0,0,0,0,0,0,1,0
ID_81XKN5VYEU,L1084F01612C01S00049Rp08484.jpg,1,0,1,0,0,1,0,0,0,0,0,0,0,0,0,1,0
ID_EZ8CUIEPLL,L1089F01275C01S00971Rp01496.jpg,0,0,0,0,1,0,0,0,0,0,1,0,0,0,0,1,0
ID_QTOIJBBZVK,L410F03577C39S12384Rp43108.jpg,0,0,0,0,1,0,0,0,1,0,0,0,0,0,0,0,1
ID_DFLGXYWBLS,L433F01002C01S00615Ip.jpg,0,0,0,1,0,0,0,0,1,0,0,0,0,0,0,1,0
ID_3U9XCLAG6I,L429F04542C39S13970Ip.jpg,0,0,0,1,0,0,0,0,1,0,0,0,0,0,0,0,1
ID_0U8GOV5U98,L322F03052C39S13403Rp47364.jpg,0,0,1,0,0,0,0,0,1,0,0,0,0,0,0,0,1
ID_R9JCOFA1PZ,L1116F03361C01S10114Rp19659.jpg,0,0,0,0,1,0,0,0,0,0,0,1,0,0,1,0,0
ID_LZ48H3HG2K,L121F01824C01S02473Rp14760.jpg,1,0,1,0,0,1,0,0,0,0,0,0,0,0,0,1,0
ID_BC5ZGWVR7F,L354F03993C01S08348Rp22062.jpg,0,0,0,0,1,0,0,0,0,0,0,1,0,0,1,0,0
ID_55BRO3KSR4,L1084F00465C01S01391Rp01769.jpg,0,1,0,0,0,0,0,0,1,0,0,0,0,0,0,1,0
ID_FC5HLM0GER,L1090F00928C01S00209Rp00263.jpg,0,0,0,0,1,0,0,0,0,0,0,1,0,0,0,1,0
ID_71TZ1QTJNC,L376F00452C01S02663Rp00155.jpg,0,0,0,1,0,0,0,0,1,0,0,0,0,0,0,1,0
ID_HBM4U3PMW8,L428F02948C39S14228Dp49337.jpg,1,0,0,0,1,1,0,0,0,0,0,0,0,0,0,0,1
ID_DHYWM9T02T,L144F01895C01S01815Rp13828.jpg,1,0,1,0,0,1,0,0,0,0,0,0,0,0,0,1,0
ID_GQM6VB1TWJ,L435F03618C39S14963Ip.jpg,0,0,0,1,0,0,0,0,1,0,0,0,0,0,0,0,1
ID_NJJBXT6YWY,L341F01441C39S13320Rp36258.jpg,0,0,0,0,1,0,0,0,1,0,0,0,0,0,0,0,1
ID_27VG1KWZ0M,L134F00769C01S05284Rp14557.jpg,1,0,1,0,0,1,0,0,0,0,0,0,0,0,0,1,0
ID_5R8Y38Y2L8,L1125F00268C01S04028Rp06721.jpg,0,0,1,0,0,0,0,0,1,0,0,0,0,0,0,1,0
ID_8OLXG5WOFG,L133F00689C01S05237Rp14067.jpg,1,0,1,0,0,1,0,0,0,0,0,0,0,0,0,1,0
ID_RS05LNY99D,L410F01631C01S01351Rp03643.jpg,0,0,0,0,1,0,0,0,1,0,0,0,0,0,0,1,0
ID_70NPUBA4MA,L134F00804C39S14181Rp48347.jpg,1,1,0,0,0,1,0,0,0,0,0,0,0,0,0,0,1
ID_NTGDRG0F9P,L325F03612C01S00683Rp13323.jpg,1,0,1,0,0,1,0,0,0,0,0,0,0,0,0,1,0
ID_ATM7ZDI9YM,L433F00647C01S01268Rp14717.jpg,1,0,1,0,0,1,0,0,0,0,0,0,0,0,0,1,0
ID_GA3I0MVRP6,L410F01648C01S02838Rp14381.jpg,1,0,1,0,0,1,0,0,0,0,0,0,0,0,0,1,0
ID_3RK5GEXU9U,L222F02422C39S12800Rp37237.jpg,0,0,0,0,1,0,0,0,1,0,0,0,0,0,0,0,1
ID_O8GONDOLE7,L353F03362C01S03189Rp14338.jpg,1,0,1,0,0,1,0,0,0,0,0,0,0,0,0,1,0
ID_9B4NHYOY9R,L144F01091C01S07678Rp19152.jpg,0,0,0,0,1,0,0,0,1,0,0,0,0,0,1,0,0
ID_OHX73I4KAT,L221F02171C39S13392Rp38664.jpg,0,0,0,0,1,0,0,0,0,0,0,1,0,0,0,0,1
ID_0O30YEZQ2M,231_repeat_2_2415_2577_1590.JPG,0,0,0,0,1,0,0,0,1,0,0,0,0,1,0,0,0
ID_M9NF6POO3A,L1095F01460C01S00680Rp09211.jpg,1,0,1,0,0,1,0,0,0,0,0,0,0,0,0,1,0
ID_VF5XO4ZYU6,L435F00312C01S01667Rp07015.jpg,0,0,0,0,1,0,0,0,0,0,0,1,0,0,0,1,0
ID_0IS71I3P3M,L1094F02309C01S02595Rp09556.jpg,1,0,1,0,0,1,0,0,0,0,0,0,0,0,0,1,0
ID_DU58AG0BD1,146_initial_1_1136_1136.JPG,0,0,0,0,1,0,0,0,0,0,0,1,0,1,0,0,0
ID_HFQCSBM8DA,L1095F01022C01S09191Rp23661.jpg,0,0,0,0,1,0,0,0,0,0,0,1,0,0,1,0,0
ID_LBX7OI0ASP,88_repeat_2_1243_4578_2966.JPG,1,0,1,0,0,1,0,0,0,0,0,0,0,1,0,0,0
ID_94GB5RDQ6A,L1089F00016C01S02476Rp08316.jpg,1,0,1,0,0,1,0,0,0,0,0,0,0,0,0,1,0
ID_AYWJ3B4WI8,171_repeat_2_2352_2961_1903.JPG,1,0,1,0,0,1,0,0,0,0,0,0,0,1,0,0,0
ID_QEZ9JOBAZF,201_repeat_2_1461_6410_4776.JPG,1,0,1,0,0,1,0,0,0,0,0,0,0,1,0,0,0
ID_GR3L32W9UD,L325F01619C01S00299Rp14950.jpg,1,0,1,0,0,1,0,0,0,0,0,0,0,0,0,1,0
ID_0P35ZZNHVQ,L354F03934C01S01552Rp05917.jpg,0,0,0,0,1,0,0,0,0,0,0,1,0,0,0,1,0
ID_S1I7B1R22O,L242F00257C01S02818Rp06459.jpg,0,0,0,0,1,0,0,0,0,0,0,1,0,0,0,1,0
ID_8E0H4DE1V9,L415F00213C01S09196Rp31334.jpg,1,1,0,0,0,1,0,0,0,0,0,0,0,0,1,0,0
ID_LFPSCOBJZM,232_repeat_2_1549_6416_4782.JPG,1,0,1,0,0,1,0,0,0,0,0,0,0,1,0,0,0
ID_LR8PRX6TZ3,L133F00088C01S01080Rp14061.jpg,1,0,1,0,0,1,0,0,0,0,0,0,0,0,0,1,0
ID_JDYN0BVL8D,L406F01517C01S01357Rp13776.jpg,1,0,1,0,0,1,0,0,0,0,0,0,0,0,0,1,0
ID_AONSJHG46E,L427F01344C39S15037Rp48763.jpg,1,1,0,0,0,1,0,0,0,0,0,0,0,0,0,0,1
ID_5026ZD8THK,204_repeat_2_1455_877_545.JPG,0,0,0,0,1,0,0,0,1,0,0,0,0,1,0,0,0
ID_G6XUBM8OFN,L1153F04307C39S11877Dp32888.jpg,0,0,0,0,1,0,0,0,0,0,0,1,0,0,0,0,1
ID_HLYR970HO7,L428F01171C39S13961Rp44711.jpg,0,0,0,0,1,0,0,0,1,0,0,0,0,0,0,0,1
ID_HK5B88NRZQ,L331F04171C39S12621Rp49355.jpg,0,1,0,0,0,0,0,0,1,0,0,0,0,0,0,0,1
ID_HA574RQGKH,L426F03369C01S01744Ip.jpg,0,0,0,1,0,0,0,0,0,0,0,1,0,0,0,1,0
ID_XV92WABRVC,L354F00736C01S02829Rp07271.jpg,0,0,0,0,1,0,0,0,0,0,0,1,0,0,0,1,0
ID_YR4O109ASP,L133F00979C39S14339Rp47510.jpg,1,0,1,0,0,1,0,0,0,0,0,0,0,0,0,0,1
ID_2XIFNDN2T0,L221F02171C01S03347Rp14241.jpg,1,0,1,0,0,1,0,0,0,0,0,0,0,0,0,1,0
ID_IOH5I2L050,L222F03122C01S03014Rp12021.jpg,1,0,1,0,0,1,0,0,0,0,0,0,0,0,0,1,0
ID_Q0NF5A3IYY,L311F00639C01S00888Ip.jpg,1,0,1,0,0,1,0,0,0,0,0,0,0,0,0,1,0
ID_LGIK20FAGL,L428F00294C39S14218Rp48514.jpg,1,1,0,0,0,1,0,0,0,0,0,0,0,0,0,0,1
ID_K709740Q7N,L1084F02910C39S11545Rp37623.jpg,0,1,0,0,0,0,0,0,0,0,0,1,0,0,0,0,1
ID_URKZF06UDC,190_repeat_2_1301_6185_4548.JPG,1,0,1,0,0,1,0,0,0,0,0,0,0,1,0,0,0
ID_4ZOBCKFIB2,L124F00617C01S00249Rp07245.jpg,0,1,0,0,0,0,0,0,1,0,0,0,0,0,0,1,0
ID_XY220XZEL8,L365F01070C01S09129Rp19205.jpg,0,0,0,0,1,0,0,0,0,0,0,1,0,0,1,0,0
ID_6GRVXVOFNC,L124F01477C01S01927Ip.jpg,0,0,0,0,1,0,0,0,0,0,0,1,0,0,0,1,0
ID_2ZWSQG3G6D,L331F01714C01S05388Rp08739.jpg,0,0,0,0,1,0,0,0,1,0,0,0,0,0,0,1,0
ID_JWPQDQ5VVS,L426F01825C41S14977Rp47742.jpg,1,0,0,0,1,1,0,0,0,0,0,0,0,0,0,0,1
ID_2J0N5I8VKE,L121F03272C01S02652Rp14427.jpg,1,0,1,0,0,1,0,0,0,0,0,0,0,0,0,1,0
ID_P8X56HRTCO,L221F01487C01S03310Rp14156.jpg,1,0,1,0,0,1,0,0,0,0,0,0,0,0,0,1,0
ID_3L6D3O897R,L433F01524C01S01174Rp13439.jpg,1,0,1,0,0,1,0,0,0,0,0,0,0,0,0,1,0
ID_X2KAAG6FHH,L1102F02390C39S11602Ip.jpg,0,0,0,0,1,0,0,0,0,0,0,1,0,0,0,0,1
ID_C3TENLE66Y,L428F03464C01S03645Rp09083.jpg,0,0,0,0,1,0,0,0,0,0,0,1,0,0,0,1,0
ID_6NIXWIP5NX,L410F02693C01S01335Rp14831.jpg,1,0,1,0,0,1,0,0,0,0,0,0,0,0,0,1,0
ID_VR2AP8CT6S,L342F01434C01S01596Rp14873.jpg,1,0,1,0,0,1,0,0,0,0,0,0,0,0,0,1,0
ID_BPVW4AUXFU,L1083F01475C01S08003Rp25204.jpg,0,1,0,0,0,0,0,0,1,0,0,0,0,0,1,0,0
ID_FD8S3227Q2,217_repeat_2_2052_5975_4333.JPG,0,0,1,0,0,0,0,0,1,0,0,0,0,1,0,0,0
ID_HSB9ILH6TV,L410F01795C39S12338Rp41990.jpg,0,0,0,0,1,0,0,0,1,0,0,0,0,0,0,0,1
ID_8S2KB3282J,L1094F01340C01S07366Rp17091.jpg,0,0,0,0,1,0,0,0,1,0,0,0,0,0,1,0,0
ID_NRG3F2LPT7,L131F03890C01S00066Rp13001.jpg,1,0,1,0,0,1,0,0,0,0,0,0,0,0,0,1,0
ID_XU93BEOVQ2,L428F00960C39S14104Rp48413.jpg,1,1,0,0,0,1,0,0,0,0,0,0,0,0,0,0,1
ID_A4IG655AX9,L131F03895C01S01630Rp08157.jpg,0,0,0,0,1,0,0,0,1,0,0,0,0,0,0,1,0
ID_20UDKK7AJ9,235_repeat_2_1102_968_638.JPG,0,0,0,0,1,0,0,0,1,0,0,0,0,1,0,0,0
ID_NYY6U5L1YN,L134F04023C01S02591Rp12995.jpg,1,0,1,0,0,1,0,0,0,0,0,0,0,0,0,1,0
ID_UZG8KTUJNQ,L427F01038C39S15034Rp48760.jpg,1,0,0,0,1,1,0,0,0,0,0,0,0,0,0,0,1
ID_DZYPAUKHPR,L144F00100C01S00198Rp13578.jpg,1,0,1,0,0,1,0,0,0,0,0,0,0,0,0,1,0
ID_4FMQBFZCGV,L323F01551C01S01270Rp13734.jpg,1,0,1,0,0,1,0,0,0,0,0,0,0,0,0,1,0
ID_97T1K3G1F7,L1136F01393C01S01504Rp10134.jpg,1,0,1,0,0,1,0,0,0,0,0,0,0,0,0,1,0
ID_Y8PJI1D0J9,L410F01546C01S06749Rp23640.jpg,0,1,0,0,0,0,0,0,1,0,0,0,0,0,1,0,0
ID_TJBMESU65I,L376F00119C01S00465Rp11733.jpg,0,1,0,0,0,0,0,0,1,0,0,0,0,0,0,1,0
ID_XC46ROWCO4,L365F03201C39S12462Rp46027.jpg,0,0,1,0,0,0,0,0,0,0,0,1,0,0,0,0,1
ID_CWR868O80G,L371F04458C39S12526Rp48267.jpg,1,0,1,0,0,1,0,0,0,0,0,0,0,0,0,0,1
ID_HYXWDWS5P0,L121F00577C39S12968Rp43948.jpg,0,1,0,0,0,0,0,0,1,0,0,0,0,0,0,0,1
ID_6YOWWRZ6HQ,L133F00737C01S03192Rp13007.jpg,1,0,1,0,0,1,0,0,0,0,0,0,0,0,0,1,0
ID_6I7HXT5J84,L332F01787C01S09110Rp24620.jpg,0,1,0,0,0,0,0,0,0,0,0,1,0,0,1,0,0
ID_CU6BCNM7TP,L354F03912C39S14684Rp36317.jpg,0,0,0,1,0,0,0,0,0,0,0,1,0,0,0,0,1
ID_TRUCY2XUU8,L321F01946C01S05645Rp03947.jpg,0,0,0,0,1,0,0,0,0,0,0,1,0,0,0,1,0
ID_HORI4VY5CF,L354F03986C39S13313Rp46810.jpg,1,1,0,0,0,1,0,0,0,0,0,0,0,0,0,0,1
ID_PJ0NDW4N9U,L1095F00646C01S00220Rp09230.jpg,1,0,1,0,0,1,0,0,0,0,0,0,0,0,0,1,0
ID_NJIH2WI9MY,L222F01199C01S02989Rp12816.jpg,1,0,1,0,0,1,0,0,0,0,0,0,0,0,0,1,0
ID_U5Y2XRTK26,L1083F00622C01S08325Rp19467.jpg,0,0,0,0,1,0,0,0,1,0,0,0,0,0,1,0,0
ID_18TBYVDV25,L1089F01772C01S08289Rp17048.jpg,0,0,0,0,1,0,0,0,0,0,0,1,0,0,1,0,0
ID_KJHGPFFLX3,L341F02718C01S00961Rp13975.jpg,1,0,1,0,0,1,0,0,0,0,0,0,0,0,0,1,0
ID_XE8RQBH5B9,L1102F02390C39S11602Rp35164.jpg,0,0,0,0,1,0,0,0,0,0,0,1,0,0,0,0,1
ID_VPU81BEQAE,L122F00549C01S02032Rp07962.jpg,0,1,0,0,0,0,0,0,1,0,0,0,0,0,0,1,0
ID_87NS3USB16,L428F01438C01S01378Rp13184.jpg,1,0,1,0,0,1,0,0,0,0,0,0,0,0,0,1,0
ID_1T4CJ6X9I7,L1084F00465C39S11534Rp35274.jpg,0,1,0,0,0,0,0,0,1,0,0,0,0,0,0,0,1
ID_L551SJ8CW2,L125F01843C01S13944Rp34362.jpg,0,0,0,1,0,0,0,0,0,0,0,1,0,0,0,0,1
ID_MUKOBFEPKH,L341F02966C01S00940Rp14020.jpg,1,0,1,0,0,1,0,0,0,0,0,0,0,0,0,1,0
ID_BO3HH8ZI8J,L429F00355C01S02047Rp13496.jpg,1,0,1,0,0,1,0,0,0,0,0,0,0,0,0,1,0
ID_L68Z2D42BP,L221F00422C01S04834Rp08022.jpg,0,1,0,0,0,0,0,0,0,0,0,1,0,0,0,1,0
ID_FNFCEKPNSO,L321F01936C39S13137Rp42915.jpg,0,1,0,0,0,0,0,0,0,0,0,1,0,0,0,0,1
ID_4VANX70RDZ,L1084F03259C01S07372Rp15792.jpg,0,0,0,0,1,0,0,0,1,0,0,0,0,0,1,0,0
ID_0O92R3JVZ2,71_repeat_2_1288_6150_4513.JPG,1,0,1,0,0,1,0,0,0,0,0,0,0,1,0,0,0
ID_YZWKZMW4ES,L406F04366C01S07232Rp21592.jpg,0,0,0,0,1,0,0,0,0,1,0,0,0,0,1,0,0
ID_1CHDSDMIHY,L428F03469C39S14417Rp47854.jpg,1,1,0,0,0,1,0,0,0,0,0,0,0,0,0,0,1
ID_FI1B5OO6HH,148_repeat_2_1191_5381_3758.JPG,0,0,1,0,0,0,0,0,0,0,0,1,0,1,0,0,0
ID_V61MCZQILS,L134F04229C01S05661Rp14052.jpg,1,0,1,0,0,1,0,0,0,0,0,0,0,0,0,1,0
ID_JWERGMVNFV,L134F00765C01S02653Rp12930.jpg,1,0,1,0,0,1,0,0,0,0,0,0,0,0,0,1,0
ID_QRY19OR0D5,L1094F02890C01S01972Rp05439.jpg,1,0,1,0,0,1,0,0,0,0,0,0,0,0,0,1,0
ID_WZT6T3F1U4,L144F01202C01S01090Rp14713.jpg,1,0,1,0,0,1,0,0,0,0,0,0,0,0,0,1,0
ID_NUWV0Y4Z8N,L1084F02299C01S02998Rp02300.jpg,0,1,0,0,0,0,0,0,1,0,0,0,0,0,0,1,0
ID_W1UYZN45BB,L323F01551C01S01270Rp12991.jpg,1,0,1,0,0,1,0,0,0,0,0,0,0,0,0,1,0
ID_7P7BJEUOTO,L1124F02103C01S00994Rp04043.jpg,1,0,1,0,0,1,0,0,0,0,0,0,0,0,0,1,0
ID_6NBQEXUWP1,L1094F00008C01S00327Ip.jpg,0,0,0,0,1,0,0,0,1,0,0,0,0,0,0,1,0
ID_6FLDM8OT3I,L124F03423C01S01216Rp13628.jpg,1,0,1,0,0,1,0,0,0,0,0,0,0,0,0,1,0
ID_SF6C9A1TPI,L131F00084C39S12595Rp39592.jpg,0,0,0,1,0,0,0,0,0,0,0,1,0,0,0,0,1
ID_E0W0Z0HF0J,L365F01766C39S12587Ip.jpg,0,0,0,1,0,0,0,0,1,0,0,0,0,0,0,0,1
ID_4GYC1QK6FB,L134F00822C01S01077Rp14055.jpg,1,0,1,0,0,1,0,0,0,0,0,0,0,0,0,1,0
ID_5XCBSPD3Z4,L354F00328C01S02577Rp14821.jpg,1,0,1,0,0,1,0,0,0,0,0,0,0,0,0,1,0
ID_D5W8WNWP3J,17_repeat_2_1302_5259_3618.JPG,0,1,0,0,0,0,0,0,1,0,0,0,0,1,0,0,0
ID_JH00EGICCB,L428F03469C39S14417Rp47873.jpg,1,1,0,0,0,1,0,0,0,0,0,0,0,0,0,0,1
ID_DKISZCGD6M,L1094F00389C39S11746Rp40584.jpg,0,0,1,0,0,0,0,0,1,0,0,0,0,0,0,0,1
ID_FPXAIWWWFY,L134F00843C39S14206Rp47697.jpg,1,1,0,0,0,1,0,0,0,0,0,0,0,0,0,0,1
ID_3PC9UDILNZ,L144F00939C01S00640Rp13822.jpg,1,0,1,0,0,1,0,0,0,0,0,0,0,0,0,1,0
ID_18F04DSCDG,L124F02941C01S01210Rp13632.jpg,1,0,1,0,0,1,0,0,0,0,0,0,0,0,0,1,0
ID_9JMOUJRORE,L354F03993C01S01042Rp14978.jpg,1,0,1,0,0,1,0,0,0,0,0,0,0,0,0,1,0
ID_E0IOVGA50P,L323F02382C01S01274Rp13744.jpg,1,0,1,0,0,1,0,0,0,0,0,0,0,0,0,1,0
ID_J184LSE27Z,L433F02057C39S14347Rp48884.jpg,1,0,1,0,0,1,0,0,0,0,0,0,0,0,0,0,1
ID_MOZK6UX8DF,L113F02448C01S04782Ip.jpg,0,0,0,0,1,0,0,0,1,0,0,0,0,0,0,1,0
ID_7TIG7U9ZGN,L1115F00029C01S00141Rp00713.jpg,0,1,0,0,0,0,0,0,1,0,0,0,0,0,0,1,0
ID_AAY8DZ9JGW,L435F00204C01S01733Rp13596.jpg,1,0,1,0,0,1,0,0,0,0,0,0,0,0,0,1,0
ID_8M9JLFJ8TW,L124F00641C01S00128Rp14687.jpg,1,0,1,0,0,1,0,0,0,0,0,0,0,0,0,1,0
ID_E3MPETG0QK,L1155F00062C01S07136Rp18593.jpg,0,0,0,0,1,0,0,0,0,0,0,1,0,0,1,0,0
ID_I4K6L9C8UC,L325F01048C01S00929Rp13341.jpg,1,0,1,0,0,1,0,0,0,0,0,0,0,0,0,1,0
ID_YSJZATV0RS,L134F00884C39S14252Rp48357.jpg,1,1,0,0,0,1,0,0,0,0,0,0,0,0,0,0,1
ID_DZDDJHAZRZ,10_repeat_2_1292_6333_4706.JPG,1,0,1,0,0,1,0,0,0,0,0,0,0,1,0,0,0
ID_4NF2SBJU9A,164_repeat_2_2267_2870_1831.JPG,0,1,0,0,0,0,0,0,0,0,0,1,0,1,0,0,0
ID_EH68AWHVSA,L321F01946C01S05645Rp13539.jpg,1,0,1,0,0,1,0,0,0,0,0,0,0,0,0,1,0
ID_AYENM0V63S,L1093F03136C39S11957Rp37517.jpg,0,0,1,0,0,0,0,0,1,0,0,0,0,0,0,0,1
ID_HSDC8ZMI9T,L133F00686C01S01088Rp12406.jpg,1,0,1,0,0,1,0,0,0,0,0,0,0,0,0,1,0
ID_M9F5A6ECIY,L141F03368C01S03432Rp13649.jpg,1,0,1,0,0,1,0,0,0,0,0,0,0,0,0,1,0
ID_XHL86WDJ0V,L433F03137C39S14105Rp48148.jpg,1,1,0,0,0,1,0,0,0,0,0,0,0,0,0,0,1
ID_TU8ZWXS4GN,L144F00935C01S00248Rp13579.jpg,1,0,1,0,0,1,0,0,0,0,0,0,0,0,0,1,0
ID_141KQSTMWX,L323F00157C39S14582Rp46564.jpg,0,0,1,0,0,0,0,0,0,0,0,0,1,0,0,0,1
ID_JU2QUZPYPU,L133F00086C39S14022Rp41376.jpg,0,0,0,0,1,0,0,0,0,0,0,1,0,0,0,0,1
ID_U18BX7ZT02,L1084F02124C01S02995Rp09712.jpg,1,0,1,0,0,1,0,0,0,0,0,0,0,0,0,1,0
ID_2GJM4FMH1R,L144F01819C01S01770Rp13852.jpg,1,0,1,0,0,1,0,0,0,0,0,0,0,0,0,1,0
ID_FNNXVZ7DD2,203_repeat_2_1377_6166_4529.JPG,1,0,1,0,0,1,0,0,0,0,0,0,0,1,0,0,0
ID_HJ52UZTIA6,L133F03171C39S14738Rp48966.jpg,1,0,0,0,1,1,0,0,0,0,0,0,0,0,0,0,1
ID_A93B749IY5,L113F01130C01S04775Rp04049.jpg,0,0,0,0,1,0,0,0,1,0,0,0,0,0,0,1,0
ID_BMDRJYS01B,171_repeat_2_2322_3695_2410.JPG,1,0,1,0,0,1,0,0,0,0,0,0,0,1,0,0,0
ID_E6Y9LKBSLZ,L133F00686C01S01088Rp13556.jpg,1,0,1,0,0,1,0,0,0,0,0,0,0,0,0,1,0
ID_4LHV3IQPFC,30_initial_1_1418_1418.JPG,0,0,0,0,1,0,0,0,1,0,0,0,0,1,0,0,0
ID_TYFGDAGTOS,L222F03347C01S03318Rp14786.jpg,1,0,1,0,0,1,0,0,0,0,0,0,0,0,0,1,0
ID_H6ELTR9T22,L221F03319C01S05097Rp13813.jpg,1,0,1,0,0,1,0,0,0,0,0,0,0,0,0,1,0
ID_ZI8N89QBXO,L221F01293C01S03344Rp14575.jpg,1,0,1,0,0,1,0,0,0,0,0,0,0,0,0,1,0
ID_95LHIJ70EB,L1153F00556C01S08876Rp19293.jpg,0,0,0,0,1,0,0,0,0,0,0,1,0,0,1,0,0
ID_VKPETIAV2Z,L371F04432C01S08048Rp32191.jpg,0,0,0,1,0,0,0,0,1,0,0,0,0,0,1,0,0
ID_JYAQN6T57W,L133F00086C01S00316Rp14524.jpg,1,0,1,0,0,1,0,0,0,0,0,0,0,0,0,1,0
ID_OM02FCE6LC,L133F01358C01S02752Rp13096.jpg,1,0,1,0,0,1,0,0,0,0,0,0,0,0,0,1,0
ID_PZUYUYMI92,229_repeat_2_2062_1428_1062.JPG,0,0,0,0,1,0,0,0,0,0,0,1,0,1,0,0,0
ID_99HCD8FCWK,L221F01293C01S03344Rp14576.jpg,1,0,1,0,0,1,0,0,0,0,0,0,0,0,0,1,0
ID_35K9OMA21F,L1153F03533C01S01053Rp09103.jpg,1,0,1,0,0,1,0,0,0,0,0,0,0,0,0,1,0
ID_3A0DMDOXYX,L134F04020C01S02985Rp13608.jpg,1,0,1,0,0,1,0,0,0,0,0,0,0,0,0,1,0
ID_0IWB7UAANY,L1084F02124C39S13926Rp33812.jpg,0,0,0,0,1,0,0,0,0,0,0,1,0,0,0,0,1
ID_421NTQNGJI,33_repeat_2_1273_6348_4721.JPG,1,0,1,0,0,1,0,0,0,0,0,0,0,1,0,0,0
ID_ZFA5IIPBFU,L311F03565C01S00951Rp10178.jpg,1,0,1,0,0,1,0,0,0,0,0,0,0,0,0,1,0
ID_TUDQA1T35J,237_repeat_2_1280_285_196.JPG,0,0,0,0,1,0,0,0,0,0,0,1,0,1,0,0,0
ID_Y007TQMHMQ,L436F01332C01S02392Rp08874.jpg,0,0,0,0,1,0,0,0,0,0,0,1,0,0,0,1,0
ID_FE3TG43VIK,L1155F00062C01S00047Rp09399.jpg,1,0,1,0,0,1,0,0,0,0,0,0,0,0,0,1,0
ID_E8H3J1IKHZ,L134F00872C39S14245Rp48355.jpg,1,0,1,0,0,1,0,0,0,0,0,0,0,0,0,0,1
ID_80HK811AOW,229_repeat_2_2062_3618_2362.JPG,0,1,0,0,0,0,0,0,0,1,0,0,0,1,0,0,0
ID_Q1186XSOY9,L144F00935C39S12238Rp44456.jpg,0,0,1,0,0,0,0,0,0,0,0,1,0,0,0,0,1
ID_0UH7HZO396,L1137F02325C39S12812Rp36608.jpg,0,1,0,0,0,0,0,0,1,0,0,0,0,0,0,0,1
ID_QIOKC1FXQS,L222F03152C42S12803Rp39694.jpg,0,0,0,0,1,0,0,0,0,0,0,1,0,0,0,0,1
ID_D96THKX09P,L1136F03296C01S00108Rp08910.jpg,1,0,1,0,0,1,0,0,0,0,0,0,0,0,0,1,0
ID_TZL5L7JAFI,L331F04671C39S14123Ip.jpg,0,0,0,1,0,0,0,0,0,0,0,1,0,0,0,0,1
ID_LDEKVUPJEW,L1093F00014C01S07397Rp26729.jpg,1,0,0,0,1,1,0,0,0,0,0,0,0,0,1,0,0
ID_BP61JK7GXZ,L131F03901C39S12780Rp38030.jpg,0,0,0,0,1,0,0,0,1,0,0,0,0,0,0,0,1
ID_KL9EXQYVBR,L354F00181C01S00963Rp13874.jpg,1,0,1,0,0,1,0,0,0,0,0,0,0,0,0,1,0
ID_G9VV2F51TI,L331F01251C01S07072Rp29565.jpg,0,1,0,0,0,0,0,0,1,0,0,0,0,0,1,0,0
ID_OM4HUV2WX6,L326F01740C01S03145Rp13958.jpg,1,0,1,0,0,1,0,0,0,0,0,0,0,0,0,1,0
ID_4ZOKBZQ0GG,L1093F02146C39S11955Ip.jpg,0,0,0,0,1,0,0,0,0,0,0,1,0,0,0,0,1
ID_SWSSEGTKTH,L315F00144C01S03457Rp14425.jpg,1,0,1,0,0,1,0,0,0,0,0,0,0,0,0,1,0
ID_E0P8QNHTYR,L1094F04266C01S08399Rp17498.jpg,0,0,0,0,1,0,0,0,0,0,0,1,0,0,1,0,0
ID_6IULHXH9ZT,L222F00239C39S14292Rp40321.jpg,0,0,0,0,1,0,0,0,0,0,0,1,0,0,0,0,1
ID_TSLXXU48OZ,L134F00843C01S09765Rp27551.jpg,1,0,0,0,1,1,0,0,0,0,0,0,0,0,1,0,0
ID_I052NUL14K,L121F03251C39S12651Rp36015.jpg,0,0,0,0,1,0,0,0,0,0,0,1,0,0,0,0,1
ID_YQLFSLX5BK,L1115F00427C39S12925Dp42638.jpg,0,0,0,1,0,0,0,0,1,0,0,0,0,0,0,0,1
ID_VD7JD3ZFM8,L221F00336C39S13054Ip.jpg,0,0,0,1,0,0,0,0,1,0,0,0,0,0,0,0,1
ID_U0P2IKPCLA,232_repeat_2_1550_6427_4793.JPG,1,0,1,0,0,1,0,0,0,0,0,0,0,1,0,0,0
ID_OK2EHWI7BG,L342F02116C01S03401Rp13557.jpg,1,0,1,0,0,1,0,0,0,0,0,0,0,0,0,1,0
ID_UM1QHAAM94,L365F00189C01S09121Rp20751.jpg,0,0,0,0,1,0,0,0,1,0,0,0,0,0,1,0,0
ID_OO34MANBZK,L124F03423C39S13341Ip.jpg,0,0,0,1,0,0,0,0,1,0,0,0,0,0,0,0,1
ID_IFKL5A97P6,L323F01759C01S01449Rp14302.jpg,1,0,1,0,0,1,0,0,0,0,0,0,0,0,0,1,0
ID_ARHSB3E1WT,L1133F01842C01S01532Rp00659.jpg,0,1,0,0,0,0,0,0,0,0,0,1,0,0,0,1,0
ID_54URZPNTF4,L326F01982C01S03658Rp05850.jpg,0,0,0,0,1,0,0,0,0,0,0,1,0,0,0,1,0
ID_CKYGAOU59U,L371F01847C01S09327Rp18076.jpg,0,0,0,0,1,0,0,0,1,0,0,0,0,0,1,0,0
ID_O9Z02SDDNT,L992F04379C39S11910Rp33332.jpg,0,0,0,0,1,0,0,0,0,0,0,1,0,0,0,0,1
ID_Z2KHMFNAWB,L1084F03437C01S02993Rp09713.jpg,1,0,1,0,0,1,0,0,0,0,0,0,0,0,0,1,0
ID_SJG28FC03R,L315F00995C39S13358Rp46160.jpg,0,1,0,0,0,0,0,0,0,0,0,1,0,0,0,0,1
ID_JRD6JRA4GL,167_repeat_2_1137_5587_3928.JPG,1,0,1,0,0,1,0,0,0,0,0,0,0,1,0,0,0
ID_EDOJNQN4JX,L1094F01561C01S01971Rp05437.jpg,1,0,1,0,0,1,0,0,0,0,0,0,0,0,0,1,0
ID_O5NX627FSX,L242F01472C01S03066Rp12804.jpg,1,0,1,0,0,1,0,0,0,0,0,0,0,0,0,1,0
ID_YITKAYMPC2,L331F03621C01S05398Rp04874.jpg,0,0,0,0,1,0,0,0,1,0,0,0,0,0,0,1,0
ID_0N6GXBT8J3,L326F01270C01S02202Rp11279.jpg,0,1,0,0,0,0,0,0,0,0,0,1,0,0,0,1,0
ID_DZCIABN1VT,L322F03549C01S02637Rp09697.jpg,0,1,0,0,0,0,0,0,1,0,0,0,0,0,0,1,0
ID_VOCSYTA6YQ,L122F00315C01S07920Rp18914.jpg,0,0,0,0,1,0,0,0,1,0,0,0,0,0,1,0,0
ID_00HZ3RHN8D,L134F00823C39S14202Rp48348.jpg,1,1,0,0,0,1,0,0,0,0,0,0,0,0,0,0,1
ID_6QRYOQXJ4B,79_repeat_2_1504_6293_4660.JPG,1,0,1,0,0,1,0,0,0,0,0,0,0,1,0,0,0
ID_SVQ6M0T1TA,L1153F00924C01S08801Rp20000.jpg,0,1,0,0,0,0,0,0,0,0,0,1,0,0,1,0,0
ID_KBVSRUNMM9,L124F03278C01S02441Rp14698.jpg,1,0,1,0,0,1,0,0,0,0,0,0,0,0,0,1,0
ID_Z2ILXECDIC,L122F00077C01S02029Rp09654.jpg,0,0,1,0,0,0,0,0,1,0,0,0,0,0,0,1,0
ID_ZJY0UWF0CF,L134F00755C01S05285Rp14558.jpg,1,0,1,0,0,1,0,0,0,0,0,0,0,0,0,1,0
ID_J810BAOH0S,69_repeat_2_1396_615_437.JPG,0,0,0,0,1,0,0,0,0,0,0,1,0,1,0,0,0
ID_OYS3316XLA,L342F01845C39S14028Rp48419.jpg,1,0,1,0,0,1,0,0,0,0,0,0,0,0,0,0,1
ID_DFJZ0E2MRZ,L1094F01561C39S11560Rp35073.jpg,0,1,0,0,0,0,0,0,1,0,0,0,0,0,0,0,1
ID_KMYBRI3S3D,L222F03122C01S06831Rp21695.jpg,0,1,0,0,0,0,0,0,1,0,0,0,0,0,1,0,0
ID_2U7MGMEGCO,225_repeat_2_1197_5615_3963.JPG,1,0,1,0,0,1,0,0,0,0,0,0,0,1,0,0,0
ID_9UNH94AGPN,L1083F01448C01S00153Rp07445.jpg,1,0,1,0,0,1,0,0,0,0,0,0,0,0,0,1,0
ID_93W8EDE1SZ,L341F02943C01S04892Rp02814.jpg,0,0,0,0,1,0,0,0,1,0,0,0,0,0,0,1,0
ID_QIL63XGUFW,L144F00935C01S00248Rp12895.jpg,1,0,1,0,0,1,0,0,0,0,0,0,0,0,0,1,0
ID_10K6QB31PY,L1144F04456C01S09225Rp28030.jpg,0,1,0,0,0,0,0,0,1,0,0,0,0,0,1,0,0
ID_SOQ48H1D6Z,L133F00697C01S05263Rp06403.jpg,0,0,0,0,1,0,0,0,0,0,0,1,0,0,0,1,0
ID_CNVSVNJSHL,L1084F02108C01S07241Rp25864.jpg,0,1,0,0,0,0,0,0,0,0,0,1,0,0,1,0,0
ID_2Z34S8YC0E,L134F04019C01S05264Rp14582.jpg,1,0,1,0,0,1,0,0,0,0,0,0,0,0,0,1,0
ID_K196K3QQKM,L121F02106C01S01464Rp13591.jpg,1,0,1,0,0,1,0,0,0,0,0,0,0,0,0,1,0
ID_2LP7CK4UCZ,L315F00144C01S07589Rp15466.jpg,0,0,0,1,0,0,0,0,1,0,0,0,0,0,1,0,0
ID_AUPT4G1BAO,L144F01278C01S01563Rp13670.jpg,1,0,1,0,0,1,0,0,0,0,0,0,0,0,0,1,0
ID_3Q9AQ5AAVM,L134F00787C01S02724Rp12965.jpg,1,0,1,0,0,1,0,0,0,0,0,0,0,0,0,1,0
ID_8L954WSUB5,L1125F01654C39S14474Rp37949.jpg,0,1,0,0,0,0,0,0,1,0,0,0,0,0,0,0,1
ID_6I4GZTKQVO,L144F00099C01S07541Rp15740.jpg,0,0,0,0,1,0,0,0,0,0,0,1,0,0,1,0,0
ID_M0URYOSFUZ,164_repeat_2_2268_4208_2796.JPG,0,0,1,0,0,0,0,0,0,0,0,1,0,1,0,0,0
ID_HKWELJRCZ3,L1136F03631C01S00106Rp02713.jpg,1,0,1,0,0,1,0,0,0,0,0,0,0,0,0,1,0
ID_G2FXVT3Q5Z,L326F01983C01S00085Rp14965.jpg,1,0,1,0,0,1,0,0,0,0,0,0,0,0,0,1,0
ID_NEZZU6C498,L435F02059C39S12710Rp44799.jpg,0,0,0,0,1,0,0,0,0,0,0,1,0,0,0,0,1
ID_FJUYG366ZE,L1093F01350C01S00984Rp07944.jpg,1,0,1,0,0,1,0,0,0,0,0,0,0,0,0,1,0
ID_B246MHAZR9,L415F01542C39S14426Rp49240.jpg,1,1,0,0,0,1,0,0,0,0,0,0,0,0,0,0,1
ID_UAK9SP1URP,L134F04018C01S05266Rp14581.jpg,1,0,1,0,0,1,0,0,0,0,0,0,0,0,0,1,0
ID_HVDJPUGFFB,L341F02943C01S04892Rp06864.jpg,0,0,0,0,1,0,0,0,1,0,0,0,0,0,0,1,0
ID_N6HFXQ8JA4,L435F03585C39S14957Rp42655.jpg,0,0,0,1,0,0,0,0,1,0,0,0,0,0,0,0,1
ID_IFXR7L6N7J,L992F04355C39S14824Rp40700.jpg,1,0,0,0,1,1,0,0,0,0,0,0,0,0,0,0,1
ID_NZL0VAE455,L406F00105C01S00604Rp13653.jpg,1,0,1,0,0,1,0,0,0,0,0,0,0,0,0,1,0
ID_TVM4LMZEDQ,L141F03315C01S03147Rp11240.jpg,0,1,0,0,0,0,0,0,0,0,0,1,0,0,0,1,0
ID_FQEOULYQMX,L371F01552C41S14352Rp49184.jpg,1,0,0,0,1,1,0,0,0,0,0,0,0,0,0,0,1
ID_YGC2N67K5G,L426F00211C39S14975Dp47741.jpg,1,0,0,0,1,1,0,0,0,0,0,0,0,0,0,0,1
ID_12Z0WLAKJI,L1139F00045C01S01572Rp05743.jpg,1,0,1,0,0,1,0,0,0,0,0,0,0,0,0,1,0
ID_452MQXCN0O,L1153F03533C01S01053Rp10479.jpg,1,0,1,0,0,1,0,0,0,0,0,0,0,0,0,1,0
ID_R35BAEVIYP,L429F01804C39S14281Rp48304.jpg,1,1,0,0,0,1,0,0,0,0,0,0,0,0,0,0,1
ID_RI5TISMW0N,L354F03993C01S01042Rp13870.jpg,1,0,1,0,0,1,0,0,0,0,0,0,0,0,0,1,0
ID_5WX0CAG1FY,L1093F02859C39S11684Rp33172.jpg,0,0,0,0,1,0,0,0,1,0,0,0,0,0,0,0,1
ID_SJEN5AKKN7,L141F01148C01S01269Rp13662.jpg,1,0,1,0,0,1,0,0,0,0,0,0,0,0,0,1,0
ID_BPY6GZHWHV,L321F01931C39S13063Rp39574.jpg,0,0,0,0,1,0,0,0,1,0,0,0,0,0,0,0,1
ID_XZD7FIZQNZ,L398F00102C01S01131Rp14996.jpg,1,0,1,0,0,1,0,0,0,0,0,0,0,0,0,1,0
ID_ZQ7ARY3P9P,L144F03153C01S00171Rp14664.jpg,1,0,1,0,0,1,0,0,0,0,0,0,0,0,0,1,0
ID_H42A1RP93P,64_repeat_2_1618_5249_3607.JPG,1,0,1,0,0,1,0,0,0,0,0,0,0,1,0,0,0
ID_7C7M3MGHYU,L353F02935C01S07820Rp22264.jpg,0,0,0,0,1,0,0,0,1,0,0,0,0,0,1,0,0
ID_8QP9BVIJFJ,L361F03375C39S12759Rp43680.jpg,0,1,0,0,0,0,0,0,1,0,0,0,0,0,0,0,1
ID_OTFES5H3Q7,L433F02057C39S14347Rp48361.jpg,1,1,0,0,0,1,0,0,0,0,0,0,0,0,0,0,1
ID_JSH9RZ0MIL,L1130F00057C01S08015Rp28965.jpg,1,0,1,0,0,1,0,0,0,0,0,0,0,0,1,0,0
ID_UGHGJ05L5J,L354F03993C01S01042Rp14989.jpg,1,0,1,0,0,1,0,0,0,0,0,0,0,0,0,1,0
ID_1B4WPJX6X6,L131F03889C01S07399Rp25206.jpg,0,1,0,0,0,0,0,0,0,0,0,1,0,0,1,0,0
ID_MU5B7GT789,L410F02019C39S12378Rp45551.jpg,0,0,0,0,1,0,0,0,0,0,0,1,0,0,0,0,1
ID_T8F98BX67A,L1123F00567C20S10274Rp24777.jpg,0,1,0,0,0,0,0,0,1,0,0,0,0,0,1,0,0
ID_NVCEMPI32Q,L373F00107C01S07927Rp15373.jpg,0,0,0,0,1,0,0,0,0,0,0,1,0,0,1,0,0
ID_0P9VAJMDUR,L1136F03606C01S00740Rp08891.jpg,1,0,1,0,0,1,0,0,0,0,0,0,0,0,0,1,0
ID_B4DY53PJ6O,L428F01217C39S14435Rp48288.jpg,1,0,0,0,1,1,0,0,0,0,0,0,0,0,0,0,1
ID_AJF3ZCYMOY,L113F00071C01S03861Rp14738.jpg,1,0,1,0,0,1,0,0,0,0,0,0,0,0,0,1,0
ID_PZMLX8VMHL,L113F01210C01S10039Rp22952.jpg,0,0,0,0,1,0,0,0,0,0,0,1,0,0,1,0,0
ID_1YL0S85TC7,L1094F04269C39S11971Rp40573.jpg,0,0,1,0,0,0,0,0,1,0,0,0,0,0,0,0,1
ID_7JPKU7GZQB,L1124F01277C01S00156Rp01530.jpg,0,0,0,0,1,0,0,0,1,0,0,0,0,0,0,1,0
ID_5VHUUEW0P0,L1083F02201C01S08088Rp19474.jpg,0,0,0,0,1,0,0,0,0,0,0,1,0,0,1,0,0
ID_SUZYH0O4RR,L1125F00286C01S06790Rp29302.jpg,1,1,0,0,0,1,0,0,0,0,0,0,0,0,1,0,0
ID_YGAA6S7A98,L221F00511C39S13395Rp37786.jpg,0,0,0,0,1,0,0,0,1,0,0,0,0,0,0,0,1
ID_4CDCSVVM4Y,L121F03458C01S06951Rp18073.jpg,0,0,0,0,1,0,0,0,1,0,0,0,0,0,1,0,0
ID_WQH8T9YPGV,18_repeat_2_1365_3908_2474.JPG,0,0,0,0,1,0,0,0,0,0,0,1,0,1,0,0,0
ID_13TYWIIRF2,L314F02165C01S03487Rp10347.jpg,0,1,0,0,0,0,0,0,1,0,0,0,0,0,0,1,0
ID_AME45K9Y7N,L133F01013C39S14729Rp48955.jpg,1,1,0,0,0,1,0,0,0,0,0,0,0,0,0,0,1
ID_0BD0K38VEI,L124F03150C01S01212Rp01554.jpg,0,0,0,0,1,0,0,0,1,0,0,0,0,0,0,1,0
ID_0JD26ME5S5,L134F00823C39S14202Rp47695.jpg,1,1,0,0,0,1,0,0,0,0,0,0,0,0,0,0,1
ID_U322WC4I5Q,L311F00639C01S00888Rp06768.jpg,1,0,1,0,0,1,0,0,0,0,0,0,0,0,0,1,0
ID_MTH9O4AOSR,L1127F00371C01S08226Rp25024.jpg,0,0,1,0,0,0,0,0,1,0,0,0,0,0,1,0,0
ID_IJBAIHEOOO,L435F01432C02S07913Rp26702.jpg,1,0,0,1,0,1,0,0,0,0,0,0,0,0,1,0,0
ID_5CCEBRRR1I,L410F01795C01S08363Rp18539.jpg,0,0,0,0,1,0,0,0,0,0,0,1,0,0,1,0,0
ID_IXLYD6EDOD,L121F00577C39S12968Rp40515.jpg,0,0,0,0,1,0,0,0,0,0,0,1,0,0,0,0,1
ID_HTSD1Q23AP,L341F02744C39S12286Rp37692.jpg,0,0,0,0,1,0,0,0,0,0,0,1,0,0,0,0,1
ID_XFZITG23JG,L134F00749C39S14152Rp42455.jpg,0,0,0,0,1,0,0,0,0,0,0,1,0,0,0,0,1
ID_BHZHH6NHJ2,L1150F00049C40S11863Rp33822.jpg,0,0,0,0,1,0,0,0,0,0,0,1,0,0,0,0,1
ID_ONK4566GBI,L371F03374C20S10560Rp30887.jpg,1,1,0,0,0,1,0,0,0,0,0,0,0,0,1,0,0
ID_HDFSVKTRCF,L231F01717C40S14543Rp46037.jpg,1,0,0,0,1,1,0,0,0,0,0,0,0,0,0,0,1
ID_1YBO7089NW,L1093F00908C01S06770Rp27633.jpg,0,0,1,0,0,0,0,0,0,0,0,1,0,0,1,0,0
ID_I3WAQC60EU,L1150F01046C01S08858Rp22081.jpg,0,0,0,0,1,0,0,0,0,0,1,0,0,0,1,0,0
ID_0L8YO2U315,L323F01759C39S14650Ip.jpg,0,0,0,1,0,0,0,0,0,0,0,1,0,0,0,0,1
ID_7FW208V5E5,L406F00126C39S12385Rp33641.jpg,1,0,0,1,0,1,0,0,0,0,0,0,0,0,0,0,1
ID_LAD680INDA,L221F03340C01S05099Ip.jpg,0,0,0,0,1,0,0,0,1,0,0,0,0,0,0,1,0
ID_6SURW1X7CI,L144F01044C41S12443Rp42333.jpg,0,0,1,0,0,0,0,0,0,0,0,1,0,0,0,0,1
ID_9RGU1BADQJ,L433F00426C01S01260Rp13435.jpg,1,0,1,0,0,1,0,0,0,0,0,0,0,0,0,1,0
ID_02KM2PEK6E,L326F03128C01S00052Rp14963.jpg,1,0,1,0,0,1,0,0,0,0,0,0,0,0,0,1,0
ID_UE0VZWTXMY,L134F00822C39S12839Rp48178.jpg,0,0,1,0,0,0,0,0,0,0,0,1,0,0,0,0,1
ID_1L3KGZQUBY,L133F03014C01S00293Rp12999.jpg,1,0,1,0,0,1,0,0,0,0,0,0,0,0,0,1,0
ID_PFDANVELXR,L133F00686C01S01088Rp13010.jpg,1,0,1,0,0,1,0,0,0,0,0,0,0,0,0,1,0
ID_IVDYZTN8TK,159_initial_1_1502_1502.JPG,0,0,0,0,1,0,0,0,0,0,0,1,0,1,0,0,0
ID_N05ILQ5B62,L1094F03610C39S11734Rp35127.jpg,0,0,1,0,0,0,0,0,0,0,0,1,0,0,0,0,1
ID_F0TQ4PB03X,L1132F04290C01S07501Rp25284.jpg,0,0,1,0,0,0,0,0,1,0,0,0,0,0,1,0,0
ID_RL5E45O7M2,L1150F03569C01S10095Rp26743.jpg,1,0,1,0,0,1,0,0,0,0,0,0,0,0,1,0,0
ID_B6V1G967JU,L415F02316C39S14816Dp47550.jpg,1,0,0,0,1,1,0,0,0,0,0,0,0,0,0,0,1
ID_ETO3AE8T4Y,226_repeat_2_1078_6342_4715.JPG,1,0,1,0,0,1,0,0,0,0,0,0,0,1,0,0,0
ID_T9B8AFUPVQ,190_repeat_2_1301_4899_3274.JPG,0,1,0,0,0,0,0,0,1,0,0,0,0,1,0,0,0
ID_WI75L4PYS5,L134F00875C01S01078Rp14054.jpg,1,0,1,0,0,1,0,0,0,0,0,0,0,0,0,1,0
ID_5NOCHEUTMN,L429F04538C39S13965Rp48014.jpg,1,0,0,0,1,1,0,0,0,0,0,0,0,0,0,0,1
ID_4VRUQMN677,L134F00806C01S05234Rp14040.jpg,1,0,1,0,0,1,0,0,0,0,0,0,0,0,0,1,0
ID_PI4TUC6U7T,L342F02128C01S03419Rp13568.jpg,1,0,1,0,0,1,0,0,0,0,0,0,0,0,0,1,0
ID_VNEIML3Z4A,L342F03398C01S03298Rp14606.jpg,1,0,1,0,0,1,0,0,0,0,0,0,0,0,0,1,0
ID_5GO3ODXWHC,L121F00595C01S06814Rp18475.jpg,0,0,0,0,1,0,0,0,1,0,0,0,0,0,1,0,0
ID_8K124LCF01,L371F03064C01S05069Rp03258.jpg,0,0,0,1,0,0,0,0,1,0,0,0,0,0,0,1,0
ID_IOUAB6FILO,L361F02346C01S10016Rp31308.jpg,0,1,0,0,0,0,0,0,1,0,0,0,0,0,1,0,0
ID_IVWEA1UU0T,L1139F00473C39S11781Rp33674.jpg,0,1,0,0,0,0,0,0,0,0,0,1,0,0,0,0,1
ID_9YYL8GH04Y,L410F00106C39S14584Dp47971.jpg,1,0,0,0,1,1,0,0,0,0,0,0,0,0,0,0,1
ID_SQRZM5HXH4,L133F03014C01S00293Rp13605.jpg,1,0,1,0,0,1,0,0,0,0,0,0,0,0,0,1,0
ID_4EFWHSXAUR,L121F01855C01S06856Rp18090.jpg,0,0,0,0,1,0,0,0,0,0,0,1,0,0,1,0,0
ID_TLAZJ7FJWQ,L144F02296C01S01188Rp14280.jpg,1,0,1,0,0,1,0,0,0,0,0,0,0,0,0,1,0
ID_TW7TY6CMOT,L1095F01453C01S00474Rp07855.jpg,1,0,1,0,0,1,0,0,0,0,0,0,0,0,0,1,0
ID_9BYZJA2YU6,L1083F00298C39S12459Dp34702.jpg,0,1,0,0,0,0,0,0,1,0,0,0,0,0,0,0,1
ID_NMRU09FG0U,L371F01725C39S14521Rp36223.jpg,0,0,0,1,0,0,0,0,1,0,0,0,0,0,0,0,1
ID_XOLNIL81II,L428F00984C39S14255Rp48502.jpg,1,0,0,0,1,1,0,0,0,0,0,0,0,0,0,0,1
ID_7M7EP6Z9XU,L311F00639C01S00888Rp03522.jpg,1,0,1,0,0,1,0,0,0,0,0,0,0,0,0,1,0
ID_YTV3SEQ80S,L1084F00023C01S07656Rp24306.jpg,0,1,0,0,0,0,0,0,0,0,0,1,0,0,1,0,0
ID_UKPUV8AAAM,L134F00852C01S01079Rp12993.jpg,1,0,1,0,0,1,0,0,0,0,0,0,0,0,0,1,0
ID_XXX46ICI4U,167_repeat_2_1077_5585_3924.JPG,1,0,1,0,0,1,0,0,0,0,0,0,0,1,0,0,0
ID_JBVW4QRT74,L1136F00550C01S00103Rp07650.jpg,1,0,1,0,0,1,0,0,0,0,0,0,0,0,0,1,0
ID_5DWE7RQOFC,L1136F00953C39S11655Ip.jpg,0,0,0,0,1,0,0,0,1,0,0,0,0,0,0,0,1
ID_IO2R6P9DNJ,L222F00240C01S03265Rp14162.jpg,1,0,1,0,0,1,0,0,0,0,0,0,0,0,0,1,0
ID_C8NO5TXWF2,L1136F00047C01S00107Rp08906.jpg,1,0,1,0,0,1,0,0,0,0,0,0,0,0,0,1,0
ID_A5RRMQYFG0,L1084F01037C01S00076Rp07841.jpg,1,0,1,0,0,1,0,0,0,0,0,0,0,0,0,1,0
ID_CMGSI2J5LZ,L121F03179C01S02660Rp14758.jpg,1,0,1,0,0,1,0,0,0,0,0,0,0,0,0,1,0
ID_BDOVP9JSXV,L1144F04450C01S09223Rp24440.jpg,0,0,1,0,0,0,0,0,1,0,0,0,0,0,1,0,0
ID_AFQZ5MPK57,L341F02689C39S12283Rp43141.jpg,0,0,1,0,0,0,0,0,1,0,0,0,0,0,0,0,1
ID_7K6UGY9NWN,L433F01088C39S13993Rp48409.jpg,1,0,1,0,0,1,0,0,0,0,0,0,0,0,0,0,1
ID_6YA4DWU9T9,L134F00838C01S05276Rp14569.jpg,1,0,1,0,0,1,0,0,0,0,0,0,0,0,0,1,0
ID_NDUVDUTDGX,L134F00823C01S09779Rp29230.jpg,1,0,0,0,1,1,0,0,0,0,0,0,0,0,1,0,0
ID_DRU0SPHWFN,225_repeat_2_1312_5620_3973.JPG,1,0,1,0,0,1,0,0,0,0,0,0,0,1,0,0,0
ID_4HF7KVJ76C,L1094F00681C01S00711Rp06491.jpg,1,0,1,0,0,1,0,0,0,0,0,0,0,0,0,1,0
ID_L068NG6L2S,L341F00320C39S12267Rp45226.jpg,0,0,1,0,0,0,0,0,0,0,0,1,0,0,0,0,1
ID_Z7M8H4M6C4,L221F01605C01S03176Rp03229.jpg,0,1,0,0,0,0,0,0,1,0,0,0,0,0,0,1,0
ID_QI00IOFXRD,L428F00499C01S03448Rp13390.jpg,1,0,1,0,0,1,0,0,0,0,0,0,0,0,0,1,0
ID_HM8U8B7FU2,L1094F01705C39S11724Dp42095.jpg,1,0,0,0,1,1,0,0,0,0,0,0,0,0,0,0,1
ID_B6EAT8NC0P,L1116F00909C01S00803Ip.jpg,0,0,0,0,1,0,0,0,0,0,0,1,0,0,0,1,0
ID_YVKA8JQRAR,128_repeat_2_1047_5990_4350.JPG,1,0,1,0,0,1,0,0,0,0,0,0,0,1,0,0,0
ID_N0EHFFQQP3,L406F04378C39S12386Rp40656.jpg,0,0,0,0,1,0,0,1,0,0,0,0,0,0,0,0,1
ID_NVO5NMT4IX,L353F02807C40S13451Rp45878.jpg,0,0,1,0,0,0,0,0,1,0,0,0,0,0,0,0,1
ID_V8UQ90676J,L131F03894C39S12691Rp42058.jpg,0,0,0,1,0,0,0,0,0,0,0,1,0,0,0,0,1
ID_4K8EMFOU23,L134F04021C01S02976Rp13607.jpg,1,0,1,0,0,1,0,0,0,0,0,0,0,0,0,1,0
ID_WF8QWAXEX0,L311F01586C01S00925Rp06805.jpg,1,0,1,0,0,1,0,0,0,0,0,0,0,0,0,1,0
ID_W09UD0TZJJ,L311F00523C01S00633Rp11584.jpg,1,0,1,0,0,1,0,0,0,0,0,0,0,0,0,1,0
ID_B6UQS3RMB7,L122F03121C01S02834Rp14675.jpg,1,0,1,0,0,1,0,0,0,0,0,0,0,0,0,1,0
ID_VKYYFDHUZB,L134F00772C01S09809Rp20592.jpg,0,1,0,0,0,0,0,0,0,0,0,1,0,0,1,0,0
ID_CN26KPGPPL,170_repeat_2_2547_5914_4258.JPG,1,0,1,0,0,1,0,0,0,0,0,0,0,1,0,0,0
ID_EHED11RRO2,L221F02866C01S04842Rp06157.jpg,0,1,0,0,0,0,0,0,1,0,0,0,0,0,0,1,0
ID_BKAXIYX8G4,L1116F03178C02S09052Rp20876.jpg,0,0,0,0,1,0,0,0,1,0,0,0,0,0,1,0,0
ID_OS82HSKIJ5,L1094F01464C01S07531Rp21339.jpg,0,0,0,0,1,0,0,0,0,0,0,1,0,0,1,0,0
ID_89H8ST3QHJ,L1132F04287C01S07495Rp29811.jpg,1,1,0,0,0,1,0,0,0,0,0,0,0,0,1,0,0
ID_69VYJ6ROQY,232_repeat_2_1549_6426_4792.JPG,1,0,1,0,0,1,0,0,0,0,0,0,0,1,0,0,0
ID_YR06G15FXH,L1089F00018C01S07929Rp31651.jpg,0,0,1,0,0,0,0,0,0,0,0,1,0,0,1,0,0
ID_S7YCRTN7A2,L322F03389C01S04318Rp11051.jpg,0,0,1,0,0,0,0,0,1,0,0,0,0,0,0,1,0
ID_UEWGNNAQTH,L406F03544C01S02311Rp12950.jpg,1,0,1,0,0,1,0,0,0,0,0,0,0,0,0,1,0
ID_RF2OM94AQ0,L221F03419C01S03315Rp14259.jpg,1,0,1,0,0,1,0,0,0,0,0,0,0,0,0,1,0
ID_G0YNRNHXJP,L315F02433C01S02269Rp15047.jpg,1,0,1,0,0,1,0,0,0,0,0,0,0,0,0,1,0
ID_CL68LP9XGX,L354F03928C39S14699Rp42499.jpg,0,1,0,0,0,0,0,0,0,0,0,1,0,0,0,0,1
ID_W36FLBXB46,L242F00539C01S08167Rp27394.jpg,1,0,0,0,1,1,0,0,0,0,0,0,0,0,1,0,0
ID_QNEV1KGZ7I,L398F00102C01S01131Rp14998.jpg,1,0,1,0,0,1,0,0,0,0,0,0,0,0,0,1,0
ID_00G2OZ0GH1,L124F03150C01S01212Rp13631.jpg,1,0,1,0,0,1,0,0,0,0,0,0,0,0,0,1,0
ID_Y5231RL4CL,L1144F04460C01S11159Rp24446.jpg,0,1,0,0,0,0,0,0,0,0,0,1,0,0,1,0,0
ID_Y24VQ7R44K,L221F00434C39S13348Rp38668.jpg,0,0,0,0,1,0,0,0,0,0,0,1,0,0,0,0,1
ID_HQIJ584JKT,L315F03922C01S03459Rp14426.jpg,1,0,1,0,0,1,0,0,0,0,0,0,0,0,0,1,0
ID_R2KQRHEN4O,L133F00086C39S14022Rp48120.jpg,1,0,1,0,0,1,0,0,0,0,0,0,0,0,0,0,1
ID_NAR2F7L8J0,L141F01953C39S12522Rp38834.jpg,0,0,0,0,1,0,0,0,1,0,0,0,0,0,0,0,1
ID_9RV2EIB98R,L133F01358C39S14730Rp48956.jpg,1,0,0,0,1,1,0,0,0,0,0,0,0,0,0,0,1
ID_APRMDWE2EY,L1136F03606C01S00740Rp07648.jpg,1,0,1,0,0,1,0,0,0,0,0,0,0,0,0,1,0
ID_EUS6ULJO5N,49_repeat_2_2029_2360_1395.JPG,0,1,0,0,0,0,0,0,1,0,0,0,0,1,0,0,0
ID_IGN5NKW1DB,L134F00852C39S14276Rp47521.jpg,1,0,1,0,0,1,0,0,0,0,0,0,0,0,0,0,1
ID_TEH3KAM1MH,L314F02357C01S03491Rp05147.jpg,0,0,0,0,1,0,0,0,0,0,0,1,0,0,0,1,0
ID_6XY2OZTNFS,L435F01432C39S14949Rp49120.jpg,1,0,0,0,1,1,0,0,0,0,0,0,0,0,0,0,1
ID_J1ZJOHKAB5,L221F01779C39S13384Rp37779.jpg,0,0,0,0,1,0,0,0,0,0,0,1,0,0,0,0,1
ID_UAGRTIZ0KZ,L1137F03462C01S09509Rp20167.jpg,0,0,0,0,1,0,0,0,0,0,0,1,0,0,1,0,0
ID_E7FD7ZRNRX,L141F03298C01S03238Rp13613.jpg,1,0,1,0,0,1,0,0,0,0,0,0,0,0,0,1,0
ID_DPLDZ18MOP,L1130F00057C01S08015Rp27130.jpg,1,0,1,0,0,1,0,0,0,0,0,0,0,0,1,0,0
ID_2N4ZR5GXIA,L1083F00261C01S06766Rp24965.jpg,0,0,1,0,0,0,0,0,1,0,0,0,0,0,1,0,0
ID_06TXEFXK38,8_repeat_2_1358_1793_1340.JPG,0,0,0,0,1,0,0,0,0,0,0,1,0,1,0,0,0
ID_8YJOMULHCP,L133F03567C39S14739Rp48967.jpg,1,0,1,0,0,1,0,0,0,0,0,0,0,0,0,0,1
ID_FXK99JIHE6,171_repeat_2_2291_4549_2951.JPG,1,0,1,0,0,1,0,0,0,0,0,0,0,1,0,0,0
ID_EW4X8MNUJN,L371F04451C01S10567Rp30074.jpg,0,0,0,0,1,0,0,0,0,0,0,1,0,0,1,0,0
ID_AK1KHH00FZ,L342F02111C01S03395Rp13552.jpg,1,0,1,0,0,1,0,0,0,0,0,0,0,0,0,1,0
ID_EF0N63ICLA,L242F01471C41S14075Rp48528.jpg,1,0,1,0,0,1,0,0,0,0,0,0,0,0,0,0,1
ID_Q16MS6HH5F,L354F03987C01S03088Rp14311.jpg,1,0,1,0,0,1,0,0,0,0,0,0,0,0,0,1,0
ID_8HKDGVMNHY,L1127F02097C01S08205Rp18873.jpg,0,0,0,0,1,0,0,0,1,0,0,0,0,0,1,0,0
ID_XHCDO1CNPW,189_repeat_2_1527_6071_4439.JPG,1,0,1,0,0,1,0,0,0,0,0,0,0,1,0,0,0
ID_FB8S3E10MK,L410F01562C01S08204Rp30063.jpg,1,1,0,0,0,1,0,0,0,0,0,0,0,0,1,0,0
ID_WQ9AGQBOBC,L1095F00448C01S09169Rp23674.jpg,0,0,0,0,1,0,0,0,0,0,0,1,0,0,1,0,0
ID_RZ9F5YIPKM,L231F01851C03S07322Rp17853.jpg,0,0,0,0,1,0,0,0,0,0,0,1,0,0,1,0,0
ID_X0WHP7Q4UU,L144F00935C01S00248Rp14730.jpg,1,0,1,0,0,1,0,0,0,0,0,0,0,0,0,1,0
ID_X6OE7UBW05,L221F00396C01S03309Rp14301.jpg,1,0,1,0,0,1,0,0,0,0,0,0,0,0,0,1,0
ID_REMK3VVGLD,L1094F01746C39S11722Dp42100.jpg,1,1,0,0,0,1,0,0,0,0,0,0,0,0,0,0,1
ID_KFCIRHZULE,L1089F00459C01S08535Rp28960.jpg,0,0,1,0,0,0,0,0,0,0,0,1,0,0,1,0,0
ID_ZIKZF0R3SH,L365F01371C39S12470Rp35469.jpg,0,0,0,0,1,0,0,0,0,0,0,1,0,0,0,0,1
ID_NAMA16UEVE,L373F01910C42S14562Rp49142.jpg,1,0,0,0,1,1,0,0,0,0,0,0,0,0,0,0,1
ID_FNU9GCWWYO,L133F03263C01S00308Rp13602.jpg,1,0,1,0,0,1,0,0,0,0,0,0,0,0,0,1,0
ID_AUBMN4R2Z5,L406F02468C01S03143Rp10263.jpg,0,1,0,0,0,0,0,0,0,0,0,1,0,0,0,1,0
ID_CEDDVPTYZ0,L113F00071C01S03861Rp09664.jpg,0,1,0,0,0,0,0,0,1,0,0,0,0,0,0,1,0
ID_FW6KFM8KZ0,L331F00158C01S08131Rp28573.jpg,0,0,1,0,0,0,0,0,0,0,0,1,0,0,1,0,0
ID_D020QZJZGS,L242F01471C03S08179Rp27391.jpg,1,0,1,0,0,1,0,0,0,0,0,0,0,0,1,0,0
ID_N8L1ALVRR5,L1133F01800C01S07405Rp30444.jpg,1,0,1,0,0,1,0,0,0,0,0,0,0,0,1,0,0
ID_UBN9TO1F9B,L323F03352C01S03113Rp14356.jpg,1,0,1,0,0,1,0,0,0,0,0,0,0,0,0,1,0
ID_9P9QWEB6XN,L311F01586C01S00925Rp11580.jpg,1,0,1,0,0,1,0,0,0,0,0,0,0,0,0,1,0
ID_IUXFMGTC3B,L133F00695C01S05260Rp14072.jpg,1,0,1,0,0,1,0,0,0,0,0,0,0,0,0,1,0
ID_BAOCOIBMWR,L133F00088C39S14613Rp47499.jpg,1,0,1,0,0,1,0,0,0,0,0,0,0,0,0,0,1
ID_A3W2B2VH09,L410F01315C39S12697Ip.jpg,0,0,0,1,0,0,0,0,1,0,0,0,0,0,0,0,1
ID_5K1YFFA8XS,L311F00133C01S00957Rp05508.jpg,1,0,1,0,0,1,0,0,0,0,0,0,0,0,0,1,0
ID_EEDQ8OHY9O,L1137F00044C02S10121Rp24514.jpg,0,0,0,0,1,0,0,0,1,0,0,0,0,0,1,0,0
ID_0Q0E05JOUD,L133F00737C01S03192Rp05796.jpg,0,0,0,0,1,0,0,0,0,0,0,1,0,0,0,1,0
ID_IBPJUNCRKO,L222F01493C01S06823Rp24488.jpg,0,0,1,0,0,0,0,0,1,0,0,0,0,0,1,0,0
ID_GC5HVJB4YJ,225_repeat_2_1197_5958_4302.JPG,1,0,1,0,0,1,0,0,0,0,0,0,0,1,0,0,0
ID_TKMN989ZLK,L435F00204C01S01733Rp04449.jpg,0,0,0,0,1,0,0,0,0,0,0,1,0,0,0,1,0
ID_QCSIUK6TCN,L1116F01834C39S12534Rp41850.jpg,1,0,0,0,1,1,0,0,0,0,0,0,0,0,0,0,1
ID_HXXVE5DBU3,L222F00241C01S03911Rp11500.jpg,0,0,1,0,0,0,0,0,1,0,0,0,0,0,0,1,0
ID_JB7IDLSPC8,L430F01265C01S01248Rp12681.jpg,0,1,0,0,0,0,0,0,0,0,0,1,0,0,0,1,0
ID_FZRRZBY71J,L331F04170C39S12604Rp46692.jpg,0,0,1,0,0,0,0,0,1,0,0,0,0,0,0,0,1
ID_XAR4O3RFH2,L342F00537C39S14241Rp39947.jpg,0,0,0,0,1,0,0,0,1,0,0,0,0,0,0,0,1
ID_CPRCVNWIEL,L134F00787C01S02724Rp12320.jpg,1,0,1,0,0,1,0,0,0,0,0,0,0,0,0,1,0
ID_4W0DONCFJB,L124F02941C01S01210Rp09254.jpg,0,1,0,0,0,0,0,0,0,0,0,0,1,0,0,1,0
ID_HK83Z18BD0,L134F00822C01S01077Rp12989.jpg,1,0,1,0,0,1,0,0,0,0,0,0,0,0,0,1,0
ID_NWLSKV1HX4,L433F01111C01S09190Rp26413.jpg,0,0,0,1,0,0,0,0,0,0,0,1,0,0,1,0,0
ID_79XLBKGJNH,L311F00639C01S00888Rp02353.jpg,1,0,1,0,0,1,0,0,0,0,0,0,0,0,0,1,0
ID_AU9MT5W2FC,L133F03263C39S14041Rp48124.jpg,1,0,1,0,0,1,0,0,0,0,0,0,0,0,0,0,1
ID_GN92R8JM0B,167_repeat_2_1421_5117_3443.JPG,1,0,1,0,0,1,0,0,0,0,0,0,0,1,0,0,0
ID_2HEHHRGQSC,L435F01319C39S14962Rp48213.jpg,1,1,0,0,0,1,0,0,0,0,0,0,0,0,0,0,1
ID_A3OF0GWTR0,L331F04053C39S14002Rp38449.jpg,0,0,0,0,1,0,0,0,0,0,0,1,0,0,0,0,1
ID_XVD9CWVVKW,L134F00875C01S01078Rp13532.jpg,1,0,1,0,0,1,0,0,0,0,0,0,0,0,0,1,0
ID_BJJFMVYF81,L1084F00465C01S01391Rp08677.jpg,1,0,1,0,0,1,0,0,0,0,0,0,0,0,0,1,0
ID_M1NTXTTBKT,L361F02341C39S14060Rp41602.jpg,0,0,0,0,1,0,0,0,0,0,0,1,0,0,0,0,1
ID_L0OO3YKIEJ,L1089F02252C01S00287Rp11824.jpg,1,0,1,0,0,1,0,0,0,0,0,0,0,0,0,1,0
ID_RFAJD556W0,L144F01091C01S00652Rp13821.jpg,1,0,1,0,0,1,0,0,0,0,0,0,0,0,0,1,0
ID_XRB6PEO1WQ,L314F03000C01S03490Rp06645.jpg,0,0,0,0,1,0,0,0,1,0,0,0,0,0,0,1,0
ID_VELT0SF4EU,L1083F03572C01S02068Rp07263.jpg,1,0,1,0,0,1,0,0,0,0,0,0,0,0,0,1,0
ID_USFW1TP7IJ,L134F00875C01S01078Rp12990.jpg,1,0,1,0,0,1,0,0,0,0,0,0,0,0,0,1,0
ID_FUH5G0RJET,L1094F04329C01S07340Rp24379.jpg,0,1,0,0,0,0,0,0,1,0,0,0,0,0,1,0,0
ID_P59TTBWCGK,L221F03419C39S13056Rp38621.jpg,0,0,0,0,1,0,0,0,1,0,0,0,0,0,0,0,1
ID_5B9EH6CQG2,L353F02684C01S03643Rp08840.jpg,0,1,0,0,0,0,0,0,1,0,0,0,0,0,0,1,0
ID_IB1HK5S180,L376F02419C42S14392Rp47925.jpg,1,1,0,0,0,1,0,0,0,0,0,0,0,0,0,0,1
ID_X6R01Q945R,158_repeat_2_1490_5952_4295.JPG,1,0,1,0,0,1,0,0,0,0,0,0,0,1,0,0,0
ID_PM4VOHYWV0,L431F00229C01S00529Rp06765.jpg,0,0,0,0,1,0,0,0,1,0,0,0,0,0,0,1,0
ID_0P54DPQDT1,L1094F03321C01S03520Ip.jpg,0,0,0,0,1,0,0,0,1,0,0,0,0,0,0,1,0
ID_QOJDZD0ZVD,L131F03904C39S12750Ip.jpg,0,0,0,1,0,0,0,0,1,0,0,0,0,0,0,0,1
ID_DOYIN1QCEU,L341F01491C01S01001Rp13984.jpg,1,0,1,0,0,1,0,0,0,0,0,0,0,0,0,1,0
ID_4CUO669JAI,L427F01150C39S15035Rp48761.jpg,1,1,0,0,0,1,0,0,0,0,0,0,0,0,0,0,1
ID_PW4PW83YFM,L1116F00916C01S00804Rp04344.jpg,0,1,0,0,0,0,0,0,1,0,0,0,0,0,0,1,0
ID_N0XNBS1YVQ,220_repeat_2_1104_2770_1738.JPG,0,0,0,0,1,0,0,0,1,0,0,0,0,1,0,0,0
ID_U0066JDIPH,L311F02560C39S13121Rp42842.jpg,0,0,1,0,0,0,0,0,0,0,0,1,0,0,0,0,1
ID_WW4HEH860H,L342F01434C39S14031Rp39952.jpg,0,0,0,0,1,0,0,0,0,0,0,1,0,0,0,0,1
ID_MATLLTD7CT,L1089F01745C01S07706Rp23743.jpg,1,1,0,0,0,1,0,0,0,0,0,0,0,0,1,0,0
ID_TD8FWR4G31,L1083F01650C01S08324Rp25305.jpg,0,0,1,0,0,0,0,0,1,0,0,0,0,0,1,0,0
ID_JKZZPACNBM,L1149F00401C01S00347Rp07481.jpg,1,0,1,0,0,1,0,0,0,0,0,0,0,0,0,1,0
ID_NLHDWPTJXF,201_repeat_2_1461_6365_4735.JPG,1,0,1,0,0,1,0,0,0,0,0,0,0,1,0,0,0
ID_I1Z895B3WH,L221F01253C42S13062Rp38650.jpg,0,1,0,0,0,0,0,0,1,0,0,0,0,0,0,0,1
ID_P6XBQTVG3M,L371F03158C01S09638Rp17562.jpg,0,0,0,0,1,0,0,0,1,0,0,0,0,0,1,0,0
ID_W5FUH8JNZ4,L121F03179C01S10647Rp25985.jpg,0,1,0,0,0,0,0,0,1,0,0,0,0,0,1,0,0
ID_LSU7PK5M7N,L134F00771C39S14838Rp48532.jpg,1,0,1,0,0,1,0,0,0,0,0,0,0,0,0,0,1
ID_Q6SP9PZMK3,L144F01957C01S00514Rp14665.jpg,1,0,1,0,0,1,0,0,0,0,0,0,0,0,0,1,0
ID_NUD92PC0US,L1153F02897C01S01421Rp08324.jpg,1,0,1,0,0,1,0,0,0,0,0,0,0,0,0,1,0
ID_1H6NI7TT1R,L325F03081C01S06997Rp25964.jpg,0,1,0,0,0,0,0,0,0,0,0,1,0,0,1,0,0
ID_IV1NIIKM1I,L1136F00047C01S00107Rp00809.jpg,0,1,0,0,0,0,0,0,1,0,0,0,0,0,0,1,0
ID_NVYPWF6R96,L222F00670C01S02988Rp12815.jpg,1,0,1,0,0,1,0,0,0,0,0,0,0,0,0,1,0
ID_8VCLES671S,L144F02173C39S12862Ip.jpg,0,0,0,1,0,0,0,0,1,0,0,0,0,0,0,0,1
ID_QI7AR3MSHO,L1084F02299C01S02998Rp10185.jpg,1,0,1,0,0,1,0,0,0,0,0,0,0,0,0,1,0
ID_JK931EV244,L1084F03259C01S00075Rp00661.jpg,0,0,0,0,1,0,0,0,1,0,0,0,0,0,0,1,0
ID_0WYSE3ODV4,L141F00941C01S00242Rp13913.jpg,1,0,1,0,0,1,0,0,0,0,0,0,0,0,0,1,0
ID_QDPETPB6IK,L133F01941C01S05460Ip.jpg,0,0,0,0,1,0,0,0,0,0,0,1,0,0,0,1,0
ID_QXN275B8GR,204_repeat_2_1454_6168_4533.JPG,1,0,1,0,0,1,0,0,0,0,0,0,0,1,0,0,0
ID_WN5UW8OP14,L124F00335C01S00117Rp14689.jpg,1,0,1,0,0,1,0,0,0,0,0,0,0,0,0,1,0
ID_K3AAJZ1AML,L398F01961C01S01273Rp10499.jpg,0,1,0,0,0,0,0,0,1,0,0,0,0,0,0,1,0
ID_QLDM39ZZZA,237_repeat_2_1281_6315_4684.JPG,1,0,1,0,0,1,0,0,0,0,0,0,0,1,0,0,0
ID_D761I4X5B2,L406F01517C01S14394Rp37896.jpg,0,0,0,1,0,0,0,0,1,0,0,0,0,0,0,0,1
ID_NUP6B14PNR,L1083F00466C01S06885Rp25846.jpg,0,1,0,0,0,0,0,0,0,0,0,1,0,0,1,0,0
ID_4UA3X1D2CV,L415F00433C39S12962Rp39317.jpg,0,0,0,1,0,0,0,0,1,0,0,0,0,0,0,0,1
ID_0DFVWRU87G,L1133F01668C01S07754Rp16303.jpg,0,0,0,0,1,0,0,0,0,0,0,1,0,0,1,0,0
ID_FV5E7761F3,L436F00503C39S14082Rp42804.jpg,0,0,0,1,0,0,0,0,1,0,0,0,0,0,0,0,1
ID_38X1UYJ951,L1122F01711C39S11890Rp32623.jpg,0,0,0,0,1,0,0,0,1,0,0,0,0,0,0,0,1
ID_P9RVSSP3Q0,L134F00794C39S14178Rp34567.jpg,0,0,0,1,0,0,0,0,1,0,0,0,0,0,0,0,1
ID_YNHAWTVVGV,L222F01956C01S03632Rp02908.jpg,0,1,0,0,0,0,0,0,0,0,0,1,0,0,0,1,0
ID_VZON5FR1R0,L398F01961C01S01273Rp10664.jpg,0,0,0,0,1,0,0,0,1,0,0,0,0,0,0,1,0
ID_DYAH21V8A8,L141F01841C01S02238Rp04017.jpg,0,0,0,0,1,0,0,0,0,0,0,1,0,0,0,1,0
ID_9V64QBXAIR,L406F01788C01S01365Rp12935.jpg,1,0,1,0,0,1,0,0,0,0,0,0,0,0,0,1,0
ID_2NY0JABCJJ,L1155F00062C01S00047Rp10949.jpg,1,0,1,0,0,1,0,0,0,0,0,0,0,0,0,1,0
ID_EMKVBY8188,L323F03587C01S01272Rp13742.jpg,1,0,1,0,0,1,0,0,0,0,0,0,0,0,0,1,0
ID_7OKRUT6J6I,L134F00787C01S02724Rp13619.jpg,1,0,1,0,0,1,0,0,0,0,0,0,0,0,0,1,0
ID_41F1ZIANVL,L1136F03417C01S01493Rp10097.jpg,1,0,1,0,0,1,0,0,0,0,0,0,0,0,0,1,0
ID_DXJ9UF02C6,L1116F03574C01S09614Rp24940.jpg,0,0,0,0,1,0,0,0,0,0,0,1,0,0,1,0,0
ID_2XYW5YRZN9,L430F02458C39S13912Rp48161.jpg,0,1,0,0,0,0,0,0,1,0,0,0,0,0,0,0,1
ID_0M7B8LHVK6,L1095F00967C01S09183Rp23665.jpg,0,0,0,0,1,0,0,0,1,0,0,0,0,0,1,0,0
ID_WPBIE0PRXM,L231F04646C41S14843Rp45574.jpg,0,0,1,0,0,0,0,0,0,0,0,1,0,0,0,0,1
ID_RH1A4M82H5,L133F01656C01S05458Rp14531.jpg,1,0,1,0,0,1,0,0,0,0,0,0,0,0,0,1,0
ID_RN3BEEGKAE,L331F00161C01S03779Rp05888.jpg,0,1,0,0,0,0,0,0,1,0,0,0,0,0,0,1,0
ID_PLOAMR6O4L,L1102F00365C39S11596Ip.jpg,0,0,0,0,1,0,0,0,0,0,0,1,0,0,0,0,1
ID_GRRG1F4AOO,L398F02763C01S08235Rp32386.jpg,1,1,0,0,0,1,0,0,0,0,0,0,0,0,1,0,0
ID_WMM8RJ65E3,L222F01199C01S02989Rp05575.jpg,0,1,0,0,0,0,0,0,1,0,0,0,0,0,0,1,0
ID_2HZY40R5JW,L398F01671C01S08958Rp18824.jpg,0,0,0,0,1,0,0,0,0,0,0,1,0,0,1,0,0
ID_Q2SWVZ4VEX,L341F02966C01S00940Rp00224.jpg,0,0,0,0,1,0,0,0,1,0,0,0,0,0,0,1,0
ID_LQB03ZVBV0,L426F02817C39S14970Rp47753.jpg,1,1,0,0,0,1,0,0,0,0,0,0,0,0,0,0,1
ID_HKL87Y0RZO,L1084F01037C01S07373Rp16609.jpg,0,0,0,0,1,0,0,0,1,0,0,0,0,0,1,0,0
ID_MF8MU5XURF,227_repeat_2_1789_2585_1600.JPG,0,0,0,0,1,0,0,0,1,0,0,0,0,1,0,0,0
ID_DHJKKH1WTF,L1094F00890C01S07711Rp26806.jpg,0,0,1,0,0,0,0,0,0,0,0,1,0,0,1,0,0
ID_7F9ID9NM2C,L435F03276C41S12403Rp38425.jpg,0,0,0,1,0,0,0,0,1,0,0,0,0,0,0,0,1
ID_YFRZWIYAJR,L378F00117C39S12219Rp44060.jpg,0,0,0,0,1,0,0,0,0,0,0,1,0,0,0,0,1
ID_PW60I27SZX,L1115F00325C39S12926Ip.jpg,0,0,0,0,1,0,0,0,1,0,0,0,0,0,0,0,1
ID_LGB0EFDM5H,L221F01779C39S13384Rp46378.jpg,0,0,1,0,0,0,0,0,1,0,0,0,0,0,0,0,1
ID_DJO9ALX69H,L311F01283C01S09289Rp25618.jpg,0,0,0,0,1,0,0,0,0,0,0,1,0,0,1,0,0
ID_WJ3X5CYCZW,L221F00511C39S13395Rp32970.jpg,0,0,0,1,0,0,0,0,1,0,0,0,0,0,0,0,1
ID_B1WQFRDLRZ,L1084F02299C01S02998Rp09949.jpg,1,0,1,0,0,1,0,0,0,0,0,0,0,0,0,1,0
ID_G2FEYAP7PI,79_repeat_2_1504_6043_4404.JPG,1,0,1,0,0,1,0,0,0,0,0,0,0,1,0,0,0
ID_3OZY3IGEBJ,L144F00098C01S01085Rp10281.jpg,0,1,0,0,0,0,0,0,1,0,0,0,0,0,0,1,0
ID_R96WWAVOV9,L1123F02853C01S02685Rp06507.jpg,1,0,1,0,0,1,0,0,0,0,0,0,0,0,0,1,0
ID_HMJHM1D1XH,L311F00133C01S00957Rp10176.jpg,1,0,1,0,0,1,0,0,0,0,0,0,0,0,0,1,0
ID_4GOUZ30MHC,L415F00414C39S12964Rp37938.jpg,0,0,0,1,0,0,0,0,1,0,0,0,0,0,0,0,1
ID_NT2RWRUJ04,L378F02537C39S12570Rp34869.jpg,0,0,0,1,0,0,0,0,1,0,0,0,0,0,0,0,1
ID_L9M41FZFUR,L124F01520C39S13280Rp41039.jpg,0,0,0,0,1,0,0,0,1,0,0,0,0,0,0,0,1
ID_VG0ETWVRSD,L133F00686C01S01088Rp14065.jpg,1,0,1,0,0,1,0,0,0,0,0,0,0,0,0,1,0
ID_BHH2SOSBJM,L1095F03416C01S00189Rp09314.jpg,1,0,1,0,0,1,0,0,0,0,0,0,0,0,0,1,0
ID_RUFYKNXFER,188_repeat_2_1470_6376_4747.JPG,1,0,1,0,0,1,0,0,0,0,0,0,0,1,0,0,0
ID_U1O0BHDJGU,L410F01965C01S07526Rp23606.jpg,0,1,0,0,0,0,0,0,0,0,0,1,0,0,1,0,0
ID_E1UKTFQWUI,L222F01481C01S10124Rp15780.jpg,0,0,0,0,1,0,0,0,0,0,0,1,0,0,1,0,0
ID_FW0JPA0A2A,L1133F00048C01S07401Rp23928.jpg,0,0,1,0,0,0,0,0,1,0,0,0,0,0,1,0,0
ID_5P25PP4NJT,L134F00801C01S05281Rp14564.jpg,1,0,1,0,0,1,0,0,0,0,0,0,0,0,0,1,0
ID_RLBV1SQFXO,L141F01138C39S13939Rp39762.jpg,0,0,0,0,1,0,0,0,1,0,0,0,0,0,0,0,1
ID_EWSCY3GUY7,L241F04242C39S14673Ip.jpg,0,0,0,1,0,0,0,0,0,0,0,1,0,0,0,0,1
ID_9W2DZNGVJ3,L144F03153C01S00171Rp14666.jpg,1,0,1,0,0,1,0,0,0,0,0,0,0,0,0,1,0
ID_IJ6A63N68P,L371F01132C01S10090Rp26064.jpg,0,1,0,0,0,0,0,0,1,0,0,0,0,0,1,0,0
ID_MIC1WM9D7Y,L142F01214C01S02990Rp13169.jpg,1,0,1,0,0,1,0,0,0,0,0,0,0,0,0,1,0
ID_KWCQWGMY8X,168_repeat_2_1205_4144_2722.JPG,1,0,1,0,0,1,0,0,0,0,0,0,0,1,0,0,0
ID_9AR29M9PG3,L1084F01368C01S00079Rp07837.jpg,1,0,1,0,0,1,0,0,0,0,0,0,0,0,0,1,0
ID_VEZINN3AWE,L1153F03533C01S01053Rp07197.jpg,1,0,1,0,0,1,0,0,0,0,0,0,0,0,0,1,0
ID_I0GO6S1J3Z,L323F02888C01S01282Rp14696.jpg,1,0,1,0,0,1,0,0,0,0,0,0,0,0,0,1,0
ID_4P5U8STIM7,L365F03201C01S01519Rp14454.jpg,0,0,1,0,0,0,0,0,0,0,0,1,0,0,0,1,0
ID_DJY3OP7M2A,L133F03151C39S14737Rp48964.jpg,1,1,0,0,0,1,0,0,0,0,0,0,0,0,0,0,1
ID_TC48TDTT4X,L1136F00550C01S08149Rp30172.jpg,0,0,1,0,0,0,0,0,1,0,0,0,0,0,1,0,0
ID_KVHICPOBXM,L1089F02801C39S11707Rp33286.jpg,0,0,0,0,1,0,0,0,0,0,0,1,0,0,0,0,1
