ID,filename,extent,growth_stage_F,growth_stage_M,growth_stage_S,growth_stage_V,damage_DR,damage_DS,damage_G,damage_ND,damage_PS,damage_WD,season_LR2020,season_LR2021,season_SR2020,season_SR2021
ID_VVRDRZZ9UX,222_repeat_2_1818_3576_2324.JPG,0,1,0,0,0,0,0,1,0,0,0,1,0,0,0
ID_HD9O9HWZ2N,L332F01467C01S00310Rp08438.jpg,0,1,0,0,0,0,0,1,0,0,0,0,0,1,0
ID_GFAP9I486N,L1155F04251C01S07814Rp17835.jpg,0,0,0,0,1,0,0,0,1,0,0,0,1,0,0
ID_HXTPW4DVI5,L1095F00444C39S12039Rp41459.jpg,1,0,1,0,0,1,0,0,0,0,0,0,0,0,1
ID_Y53MHL20VO,L1093F01335C01S07623Rp19738.jpg,0,0,0,0,1,0,0,0,0,0,1,0,1,0,0
ID_I171CDOB3A,L221F00396C01S03309Rp00516.jpg,0,0,0,0,1,0,0,0,0,0,1,0,0,1,0
ID_EOXJH39Q6N,L435F01186C01S07904Rp24661.jpg,0,0,0,1,0,0,0,1,0,0,0,0,1,0,0
ID_WV2UQLJCOP,L410F01562C01S08204Rp28228.jpg,1,1,0,0,0,1,0,0,0,0,0,0,1,0,0
ID_6LKSYR6T3A,L398F02763C01S08235Rp32385.jpg,1,1,0,0,0,1,0,0,0,0,0,0,1,0,0
ID_WIQ8FM0PT7,L354F01735C01S02840Ip.jpg,0,0,0,0,1,0,0,0,0,0,1,0,0,1,0
ID_WBEN46K4UQ,L371F00259C01S09025Rp31895.jpg,0,0,0,1,0,0,0,1,0,0,0,0,1,0,0
ID_41F1ZIANVL,L1136F03417C01S01493Rp10097.jpg,1,0,1,0,0,1,0,0,0,0,0,0,0,1,0
ID_VR2AP8CT6S,L342F01434C01S01596Rp14873.jpg,1,0,1,0,0,1,0,0,0,0,0,0,0,1,0
ID_FCQ7J3E3PQ,L365F00490C01S01518Rp14549.jpg,0,1,0,0,0,0,0,1,0,0,0,0,0,1,0
ID_UK50NSTI6Y,L222F02780C39S13990Ip.jpg,0,0,0,1,0,0,0,1,0,0,0,0,0,0,1
ID_6O8THZLYJE,L435F00199C01S01158Rp14678.jpg,1,0,1,0,0,1,0,0,0,0,0,0,0,1,0
ID_DRI6VWQ5QP,L365F03201C01S01519Rp08786.jpg,0,1,0,0,0,0,0,0,0,0,1,0,0,1,0
ID_SUCRQ5QZBH,L133F00494C01S02756Rp11813.jpg,1,0,1,0,0,1,0,0,0,0,0,0,0,1,0
ID_NGVWWL0E06,L1149F01112C39S11816Rp36856.jpg,0,1,0,0,0,0,0,0,0,0,1,0,0,0,1
ID_4G0LDIVD8P,L134F00804C39S14181Rp37106.jpg,0,0,0,0,1,0,0,0,0,0,1,0,0,0,1
ID_HLDIOBWVOZ,L144F03571C03S08785Rp16391.jpg,0,0,0,1,0,0,0,0,0,0,1,0,1,0,0
ID_DJY3OP7M2A,L133F03151C39S14737Rp48964.jpg,1,1,0,0,0,1,0,0,0,0,0,0,0,0,1
ID_NUD92PC0US,L1153F02897C01S01421Rp08324.jpg,1,0,1,0,0,1,0,0,0,0,0,0,0,1,0
ID_WGPX7E3GK5,L1123F00278C39S12006Rp42354.jpg,1,0,1,0,0,1,0,0,0,0,0,0,0,0,1
ID_9TC5ZRQ3J7,L1095F01453C01S08261Rp18631.jpg,0,0,0,0,1,0,0,1,0,0,0,0,1,0,0
ID_B4DY53PJ6O,L428F01217C39S14435Rp48288.jpg,1,0,0,0,1,1,0,0,0,0,0,0,0,0,1
ID_3CTN27RGIG,L1149F01928C01S08174Rp26293.jpg,0,1,0,0,0,0,0,1,0,0,0,0,1,0,0
ID_KWCQWGMY8X,168_repeat_2_1205_4144_2722.JPG,1,0,1,0,0,1,0,0,0,0,0,1,0,0,0
ID_I4A2IPH2PW,L332F03215C01S00466Rp12441.jpg,0,1,0,0,0,0,0,1,0,0,0,0,0,1,0
ID_IKIEIVU86N,L376F01611C39S12376Rp47662.jpg,1,0,1,0,0,1,0,0,0,0,0,0,0,0,1
ID_QK6XYODS8R,L134F00794C01S07414Rp31606.jpg,1,1,0,0,0,1,0,0,0,0,0,0,1,0,0
ID_1EKH4P4YUG,L121F02084C01S03441Rp00680.jpg,0,0,0,0,1,0,0,0,0,0,1,0,0,1,0
ID_WBCAD21RA7,L1094F04275C01S08981Rp16998.jpg,0,0,0,0,1,0,0,0,0,0,1,0,1,0,0
ID_PZDHNSPK1U,L323F00151C39S13024Rp47998.jpg,0,0,1,0,0,0,0,1,0,0,0,0,0,0,1
ID_8UA8ZXABEX,L133F00716C01S06946Rp31516.jpg,1,0,1,0,0,1,0,0,0,0,0,0,1,0,0
ID_CW7XUGO1F0,226_repeat_2_1078_5715_4091.JPG,0,0,1,0,0,0,1,0,0,0,0,1,0,0,0
ID_E408DHERP0,L121F01864C39S12917Rp48166.jpg,0,0,1,0,0,0,0,1,0,0,0,0,0,0,1
ID_DRB2R8PEXL,L131F03901C39S12780Rp43081.jpg,0,0,0,0,1,0,0,0,0,0,1,0,0,0,1
ID_3Q3A3EP2F9,L1142F02472C39S11838Rp33312.jpg,0,1,0,0,0,0,0,1,0,0,0,0,0,0,1
ID_RXPP3GMQIR,L406F00105C01S14393Ip.jpg,0,0,0,1,0,0,0,1,0,0,0,0,0,0,1
ID_JB6EEPL83F,L1155F04250C01S07923Rp17528.jpg,0,0,0,0,1,0,0,1,0,0,0,0,1,0,0
ID_FBPWLS6EH9,L133F00686C01S01088Rp04396.jpg,0,1,0,0,0,0,0,0,0,0,1,0,0,1,0
ID_W330VJTFWF,L371F04401C20S11057Rp23555.jpg,0,0,0,0,1,0,0,1,0,0,0,0,1,0,0
ID_NB7VJ4597A,L1084F00465C01S01391Rp07758.jpg,1,0,1,0,0,1,0,0,0,0,0,0,0,1,0
ID_1GXW4XMFPJ,L134F00879C39S14248Rp48356.jpg,1,0,1,0,0,1,0,0,0,0,0,0,0,0,1
ID_I4Q00NBRUP,L121F01185C01S02641Rp05110.jpg,0,0,0,0,1,0,0,0,0,0,1,0,0,1,0
ID_ML7RC8DIOZ,L1136F03417C01S01493Rp00265.jpg,0,1,0,0,0,0,0,1,0,0,0,0,0,1,0
ID_LZ1360A61H,L341F03332C01S00778Rp10110.jpg,0,1,0,0,0,0,0,1,0,0,0,0,0,1,0
ID_388666BUE2,L144F02681C39S13948Rp39143.jpg,0,0,0,0,1,0,0,1,0,0,0,0,0,0,1
ID_24IXLRYXUG,L325F03413C39S12248Ip.jpg,0,0,0,1,0,0,0,1,0,0,0,0,0,0,1
ID_MNIGFF1916,L134F00875C01S01078Rp12395.jpg,1,0,1,0,0,1,0,0,0,0,0,0,0,1,0
ID_3UCQM7FFDE,L315F01085C39S13363Rp46161.jpg,0,1,0,0,0,0,0,0,0,0,1,0,0,0,1
ID_Z4URVDGCNO,L1094F01373C01S07977Rp19641.jpg,0,0,0,0,1,0,0,0,0,0,1,0,1,0,0
ID_SD2CE995O7,L121F01418C39S12707Rp41873.jpg,0,0,0,0,1,0,0,0,0,0,1,0,0,0,1
ID_GV4P0NL2HW,L1133F00046C39S12179Rp41874.jpg,1,0,1,0,0,1,0,0,0,0,0,0,0,0,1
ID_DVNRL7806Y,L134F00746C01S05342Rp14101.jpg,1,0,1,0,0,1,0,0,0,0,0,0,0,1,0
ID_LWL6WAMMMS,L1116F00031C01S08530Rp32217.jpg,0,0,1,0,0,0,0,0,0,0,1,0,1,0,0
ID_IY69LR4T9F,L435F02450C41S14776Rp42988.jpg,0,0,0,0,1,0,0,1,0,0,0,0,0,0,1
ID_VIHEFWD15O,L134F00852C39S14276Rp48180.jpg,1,0,1,0,0,1,0,0,0,0,0,0,0,0,1
ID_2GJM4FMH1R,L144F01819C01S01770Rp13852.jpg,1,0,1,0,0,1,0,0,0,0,0,0,0,1,0
ID_GU1TCD6CF4,L1094F00019C01S00473Rp07775.jpg,1,0,1,0,0,1,0,0,0,0,0,0,0,1,0
ID_4P5U8STIM7,L365F03201C01S01519Rp14454.jpg,0,0,1,0,0,0,0,0,0,0,1,0,0,1,0
ID_UZ62BQJD3J,L332F01467C20S11173Rp24618.jpg,0,0,1,0,0,0,0,0,0,0,1,0,1,0,0
ID_QSWP1W2H8T,L1155F04259C01S07228Rp26874.jpg,1,0,1,0,0,1,0,0,0,0,0,0,1,0,0
ID_5HIFNG8Y36,L222F00385C39S14643Rp47862.jpg,1,0,1,0,0,1,0,0,0,0,0,0,0,0,1
ID_X5MRH9E08K,71_repeat_2_1288_5940_4283.JPG,1,0,1,0,0,1,0,0,0,0,0,1,0,0,0
ID_F1ELOLHX39,L243F04631C41S12214Rp48725.jpg,1,0,1,0,0,1,0,0,0,0,0,0,0,0,1
ID_758BI25EVX,L134F00783C01S05373Rp14116.jpg,1,0,1,0,0,1,0,0,0,0,0,0,0,1,0
ID_P4QQKUZE1J,L1093F00303C39S11678Rp35293.jpg,0,0,0,0,1,0,0,0,0,0,1,0,0,0,1
ID_EKD5VVO29R,L398F00103C01S07263Rp25405.jpg,0,1,0,0,0,0,0,1,0,0,0,0,1,0,0
ID_JLI4R5AMPH,L410F01965C01S02539Rp11126.jpg,0,1,0,0,0,0,0,0,0,0,1,0,0,1,0
ID_5HCOQT56UU,L323F02503C01S07747Rp22576.jpg,0,0,1,0,0,0,0,0,0,0,1,0,1,0,0
ID_OH7MAXCB9M,L1137F03371C39S13401Rp40808.jpg,0,0,1,0,0,0,0,1,0,0,0,0,0,0,1
ID_3E5751KRLD,L376F01611C39S12376Rp35111.jpg,0,0,0,1,0,0,0,1,0,0,0,0,0,0,1
ID_RW2DKNLBXJ,L428F02700C01S00381Rp13178.jpg,1,0,1,0,0,1,0,0,0,0,0,0,0,1,0
ID_H9GN0270HM,L133F00737C01S03192Rp14062.jpg,1,0,1,0,0,1,0,0,0,0,0,0,0,1,0
ID_DBJWO5BKN9,L429F03239C01S01591Rp14654.jpg,1,0,1,0,0,1,0,0,0,0,0,0,0,1,0
ID_UUIJMMVUMD,L428F01171C01S02469Rp13383.jpg,1,0,1,0,0,1,0,0,0,0,0,0,0,1,0
ID_8RBV42SHRE,L410F02818C39S12340Rp48902.jpg,1,0,1,0,0,1,0,0,0,0,0,0,0,0,1
ID_YD003IVKHW,L992F04360C42S11915Rp32821.jpg,0,0,0,1,0,0,0,0,0,0,1,0,0,0,1
ID_9NHGO1XTI5,L331F03621C01S05398Ip.jpg,0,0,0,0,1,0,0,1,0,0,0,0,0,1,0
ID_SEW4VGVEEE,204_repeat_2_1295_6171_4536.JPG,1,0,1,0,0,1,0,0,0,0,0,1,0,0,0
ID_57SSGAJSJF,L142F00096C39S12591Ip.jpg,0,0,0,1,0,0,0,1,0,0,0,0,0,0,1
ID_1L3KGZQUBY,L133F03014C01S00293Rp12999.jpg,1,0,1,0,0,1,0,0,0,0,0,0,0,1,0
ID_FIXLMYYVX7,L134F00872C39S14245Rp34723.jpg,0,0,0,1,0,0,0,1,0,0,0,0,0,0,1
ID_079W1B9OMG,L1153F04302C01S10883Rp28193.jpg,1,0,1,0,0,1,0,0,0,0,0,0,1,0,0
ID_4RD28DEH20,L1153F02897C01S08679Rp19254.jpg,0,0,0,0,1,0,0,1,0,0,0,0,1,0,0
ID_AT1C0PXN0U,L354F03994C01S01040Rp14724.jpg,1,0,1,0,0,1,0,0,0,0,0,0,0,1,0
ID_KBX4BGMIY7,L1150F01046C01S03069Rp06686.jpg,1,0,1,0,0,1,0,0,0,0,0,0,0,1,0
ID_Q21DXC29SP,L435F00277C01S01894Rp14243.jpg,1,0,1,0,0,1,0,0,0,0,0,0,0,1,0
ID_U0SEFW19M6,L429F04541C01S07309Rp20441.jpg,0,0,0,0,1,0,0,1,0,0,0,0,1,0,0
ID_RFKGZDVX88,L141F01479C01S07160Rp22635.jpg,0,0,1,0,0,0,0,1,0,0,0,0,1,0,0
ID_HI6V04OV82,L314F02499C01S03497Rp10362.jpg,0,1,0,0,0,0,0,1,0,0,0,0,0,1,0
ID_1XQLK6IY4X,L378F01809C01S00731Rp01149.jpg,0,0,0,0,1,0,0,0,0,0,1,0,0,1,0
ID_N5RG85Q1H3,L133F01497C39S14731Rp46213.jpg,1,0,0,0,1,1,0,0,0,0,0,0,0,0,1
ID_CAYPAP0WYL,L1094F03303C39S11761Rp41655.jpg,1,0,1,0,0,1,0,0,0,0,0,0,0,0,1
ID_MAAE01BGQW,L134F00771C01S06931Rp17529.jpg,0,0,0,0,1,0,0,1,0,0,0,0,1,0,0
ID_6JW04EVPBN,L1150F00514C20S11235Rp25974.jpg,0,0,1,0,0,0,0,1,0,0,0,0,1,0,0
ID_M18H405GL7,L144F01883C01S00169Rp14773.jpg,1,0,1,0,0,1,0,0,0,0,0,0,0,1,0
ID_DS2R5OGNN6,L1084F00531C01S07483Rp22894.jpg,0,0,0,0,1,0,0,1,0,0,0,0,1,0,0
ID_1WE68UZB5E,L1116F02814C39S11846Rp41275.jpg,1,0,1,0,0,1,0,0,0,0,0,0,0,0,1
ID_N7YC67JS4U,L121F01864C39S12917Rp41968.jpg,0,0,0,0,1,0,0,1,0,0,0,0,0,0,1
ID_00G2OZ0GH1,L124F03150C01S01212Rp13631.jpg,1,0,1,0,0,1,0,0,0,0,0,0,0,1,0
ID_TPD5OMKRBB,157_repeat_2_1279_4046_2615.JPG,1,0,1,0,0,1,0,0,0,0,0,1,0,0,0
ID_0PW7X0ANQS,L124F01034C01S00926Rp14309.jpg,1,0,1,0,0,1,0,0,0,0,0,0,0,1,0
ID_BF5OLQXZQA,L113F01355C01S04777Rp12915.jpg,1,0,1,0,0,1,0,0,0,0,0,0,0,1,0
ID_0DVJ3ZGZON,L133F03151C01S05462Rp04341.jpg,0,0,0,0,1,0,0,1,0,0,0,0,0,1,0
ID_OVNW6XWEZ6,206_repeat_2_2370_6089_4464.JPG,1,0,1,0,0,1,0,0,0,0,0,1,0,0,0
ID_U2WUXUK2O2,L323F01203C39S13090Rp45499.jpg,0,1,0,0,0,0,0,1,0,0,0,0,0,0,1
ID_L1STIWC849,L331F04674C01S08138Rp19029.jpg,0,0,0,0,1,0,0,1,0,0,0,0,1,0,0
ID_L7D81ORF6U,L133F00529C39S14338Rp47512.jpg,1,0,1,0,0,1,0,0,0,0,0,0,0,0,1
ID_U322WC4I5Q,L311F00639C01S00888Rp06768.jpg,1,0,1,0,0,1,0,0,0,0,0,0,0,1,0
ID_R2KQRHEN4O,L133F00086C39S14022Rp48120.jpg,1,0,1,0,0,1,0,0,0,0,0,0,0,0,1
ID_AM24JJCM0D,L341F01298C39S12261Rp33827.jpg,0,0,0,0,1,0,0,0,0,0,1,0,0,0,1
ID_WCY41PHTD7,L122F00642C01S02026Rp01091.jpg,0,0,0,0,1,0,0,1,0,0,0,0,0,1,0
ID_QXJ8FIN02R,L141F00498C01S06987Rp19589.jpg,0,0,0,0,1,0,0,0,0,0,1,0,1,0,0
ID_GWNR5CIAQ2,L1136F00953C39S11655Rp35814.jpg,0,0,1,0,0,0,0,1,0,0,0,0,0,0,1
ID_FSCV5HOFGL,L430F03630C01S10337Rp26010.jpg,0,1,0,0,0,0,0,0,0,0,1,0,1,0,0
ID_U874YPVID1,L231F04689C41S14911Rp38244.jpg,0,0,0,1,0,0,0,1,0,0,0,0,0,0,1
ID_8VCLES671S,L144F02173C39S12862Ip.jpg,0,0,0,1,0,0,0,1,0,0,0,0,0,0,1
ID_XXA6L3S9O7,L1127F02743C39S12003Rp35218.jpg,0,0,0,0,1,0,0,1,0,0,0,0,0,0,1
ID_PMW7LKZLAX,L1149F01112C39S11816Rp39887.jpg,0,0,1,0,0,0,0,0,0,0,1,0,0,0,1
ID_USP0MWGADX,L1089F00507C01S00298Rp06229.jpg,0,0,1,0,0,0,0,0,0,0,1,0,0,1,0
ID_UUGIECUTSN,L322F01557C01S03546Rp09405.jpg,0,1,0,0,0,0,0,0,0,0,1,0,0,1,0
ID_B7FL6W34IO,212_repeat_2_1811_5391_3770.JPG,1,0,1,0,0,1,0,0,0,0,0,1,0,0,0
ID_AEVU1JQBY3,L331F01168C01S05383Rp07608.jpg,0,0,0,0,1,0,0,1,0,0,0,0,0,1,0
ID_DP3I5P5IXZ,L343F00174C01S02365Rp03470.jpg,0,0,0,0,1,0,0,1,0,0,0,0,0,1,0
ID_0XB510RBC2,L1095F03386C01S00193Rp09316.jpg,1,0,1,0,0,1,0,0,0,0,0,0,0,1,0
ID_8X7GUHTLQZ,L428F00215C39S12374Rp33544.jpg,0,0,0,1,0,0,0,1,0,0,0,0,0,0,1
ID_2EJFO4A64S,232_repeat_2_1550_6417_4783.JPG,1,0,1,0,0,1,0,0,0,0,0,1,0,0,0
ID_DMBB24TKBI,L131F03905C42S12815Rp46645.jpg,0,1,0,0,0,0,0,1,0,0,0,0,0,0,1
ID_VX1LG48VE2,L341F03604C39S13248Ip.jpg,0,0,0,1,0,0,0,1,0,0,0,0,0,0,1
ID_UAR2W00375,L124F00332C39S13265Ip.jpg,0,0,0,1,0,0,0,1,0,0,0,0,0,0,1
ID_4TBZ4R2Y89,L1155F04259C39S11979Rp41445.jpg,1,0,1,0,0,1,0,0,0,0,0,0,0,0,1
ID_H6NRSGPN4A,L1094F01699C01S07505Rp25432.jpg,0,0,1,0,0,0,0,0,0,0,1,0,1,0,0
ID_L92DSQY6QR,L1133F00440C39S12425Rp41808.jpg,1,0,1,0,0,1,0,0,0,0,0,0,0,0,1
ID_RBU5KI0918,L1130F02719C39S12231Rp32756.jpg,0,0,0,0,1,0,0,1,0,0,0,0,0,0,1
ID_997HY4FL1Q,L1093F00964C39S11814Rp36996.jpg,1,0,1,0,0,1,0,0,0,0,0,0,0,0,1
ID_MZK1S9WWM0,L325F03413C39S12248Rp34015.jpg,0,0,0,0,1,0,0,0,0,0,1,0,0,0,1
ID_300PFQ220E,L1084F01621C01S09932Rp27223.jpg,0,1,0,0,0,0,0,0,0,0,1,0,1,0,0
ID_LWX23RAQ4V,L361F01590C01S08969Rp17490.jpg,0,0,0,0,1,0,0,0,0,0,1,0,1,0,0
ID_YCPCTRK6O6,L371F04458C39S12526Rp49180.jpg,1,0,1,0,0,1,0,0,0,0,0,0,0,0,1
ID_OK2EHWI7BG,L342F02116C01S03401Rp13557.jpg,1,0,1,0,0,1,0,0,0,0,0,0,0,1,0
ID_8YIA1S8VPK,L415F02316C39S14816Rp47549.jpg,1,0,1,0,0,1,0,0,0,0,0,0,0,0,1
ID_2Z34S8YC0E,L134F04019C01S05264Rp14582.jpg,1,0,1,0,0,1,0,0,0,0,0,0,0,1,0
ID_HKWELJRCZ3,L1136F03631C01S00106Rp02713.jpg,1,0,1,0,0,1,0,0,0,0,0,0,0,1,0
ID_Y2YSSLZPG5,L134F00822C39S12839Rp34300.jpg,0,0,0,1,0,0,0,0,0,0,1,0,0,0,1
ID_10ET5JBCSA,L331F00160C01S07065Rp22487.jpg,0,0,1,0,0,0,0,1,0,0,0,0,1,0,0
ID_0J66FHQWGP,L325F00525C01S00282Rp13314.jpg,1,0,1,0,0,1,0,0,0,0,0,0,0,1,0
ID_TJJY66YRNI,L428F02948C39S14228Rp48510.jpg,1,1,0,0,0,1,0,0,0,0,0,0,0,0,1
ID_NLORS2WJFC,L398F01671C01S08958Rp26853.jpg,1,1,0,0,0,1,0,0,0,0,0,0,1,0,0
ID_RKH4W2MEX3,L325F01619C01S07294Rp29983.jpg,1,0,1,0,0,1,0,0,0,0,0,0,1,0,0
ID_ECI7XC418Y,L1094F01114C01S01314Rp03978.jpg,0,1,0,0,0,0,0,1,0,0,0,0,0,1,0
ID_WV5AJ7D2EE,88_repeat_2_1243_5008_3374.JPG,1,0,1,0,0,1,0,0,0,0,0,1,0,0,0
ID_9QV9EAYMS9,L144F02773C39S12967Rp40824.jpg,0,0,0,0,1,0,0,0,0,0,1,0,0,0,1
ID_XQ20RA8XR8,L1084F02299C01S02998Rp09619.jpg,1,0,1,0,0,1,0,0,0,0,0,0,0,1,0
ID_QLEIM4XXXO,L322F03549C01S02637Rp11469.jpg,0,1,0,0,0,0,0,1,0,0,0,0,0,1,0
ID_20UDKK7AJ9,235_repeat_2_1102_968_638.JPG,0,0,0,0,1,0,0,1,0,0,0,1,0,0,0
ID_KVVJZ5K9C7,L342F02799C39S12279Ip.jpg,0,0,0,1,0,0,0,1,0,0,0,0,0,0,1
ID_2V0E8B98FU,L331F04671C39S14123Rp42413.jpg,0,0,1,0,0,0,0,0,0,0,1,0,0,0,1
ID_4GYC1QK6FB,L134F00822C01S01077Rp14055.jpg,1,0,1,0,0,1,0,0,0,0,0,0,0,1,0
ID_J2TG0D5EQ4,L221F01487C39S13346Rp41010.jpg,0,0,0,0,1,0,0,0,0,0,1,0,0,0,1
ID_YBTGRBTHXM,L365F03201C01S09124Rp20768.jpg,0,0,0,0,1,0,0,0,0,0,1,0,1,0,0
ID_3M94G4Z1PR,L325F03118C39S12189Rp34055.jpg,0,0,0,1,0,0,0,1,0,0,0,0,0,0,1
ID_LJZ776Q7W4,L378F02537C39S12570Rp48070.jpg,0,0,1,0,0,0,0,1,0,0,0,0,0,0,1
ID_CE1NAATFT2,L243F04629C39S12226Rp48863.jpg,1,0,1,0,0,1,0,0,0,0,0,0,0,0,1
ID_3QYECG644B,L243F04628C03S06798Rp26174.jpg,1,0,1,0,0,1,0,0,0,0,0,0,1,0,0
ID_OL26EUI3YK,L323F03019C39S13259Rp47996.jpg,0,0,1,0,0,0,0,1,0,0,0,0,0,0,1
ID_YW244W7L09,189_repeat_2_1526_6070_4438.JPG,1,0,1,0,0,1,0,0,0,0,0,1,0,0,0
ID_FICILHSOP0,L311F01586C01S00925Ip.jpg,1,0,1,0,0,1,0,0,0,0,0,0,0,1,0
ID_81XKN5VYEU,L1084F01612C01S00049Rp08484.jpg,1,0,1,0,0,1,0,0,0,0,0,0,0,1,0
ID_333RAH0YGL,L131F03893C39S12816Rp40673.jpg,0,0,0,0,1,0,0,1,0,0,0,0,0,0,1
ID_KG09MF8PJA,L332F01787C01S01052Rp12453.jpg,0,1,0,0,0,0,0,1,0,0,0,0,0,1,0
ID_6GLPZ9IU3G,L331F00951C01S07068Rp15165.jpg,0,0,0,0,1,0,0,0,0,0,1,0,1,0,0
ID_2YCLHBGCEV,L405F00113C01S08297Rp31963.jpg,1,1,0,0,0,1,0,0,0,0,0,0,1,0,0
ID_N37WNWFGGA,L1132F04294C01S07490Rp21311.jpg,0,0,0,0,1,0,0,1,0,0,0,0,1,0,0
ID_5CF72MGDOX,L221F01253C01S08469Rp16127.jpg,0,0,0,0,1,0,0,0,0,0,1,0,1,0,0
ID_R78TTFXO2S,L122F00315C01S02151Rp12048.jpg,0,0,1,0,0,0,0,0,0,0,1,0,0,1,0
ID_9LJUWRHE0R,21_repeat_2_1356_6011_4372.JPG,1,0,1,0,0,1,0,0,0,0,0,1,0,0,0
ID_Q6DD54M4SZ,L134F00092C01S00173Rp14036.jpg,1,0,1,0,0,1,0,0,0,0,0,0,0,1,0
ID_Z6045MBR7C,L222F00241C01S09780Rp25514.jpg,0,0,1,0,0,0,0,1,0,0,0,0,1,0,0
ID_SSV1R0TCII,L121F00074C39S12740Rp36024.jpg,0,0,0,0,1,0,0,1,0,0,0,0,0,0,1
ID_D3G81YMR3U,L133F00687C01S09565Rp31503.jpg,1,0,1,0,0,1,0,0,0,0,0,0,1,0,0
ID_H868G494BC,L428F03469C39S14417Rp47524.jpg,1,0,0,0,1,1,0,0,0,0,0,0,0,0,1
ID_BTIRYREZMP,L134F00843C39S14206Rp39841.jpg,0,0,0,0,1,0,0,0,0,0,1,0,0,0,1
ID_LQTPV9UDJC,L232F04079C03S08333Rp31122.jpg,1,0,1,0,0,1,0,0,0,0,0,0,1,0,0
ID_TRQBM53DNP,L1102F00034C01S01526Rp01944.jpg,0,1,0,0,0,0,0,0,0,0,1,0,0,1,0
ID_561MQD9M1C,L331F01537C01S07066Rp26557.jpg,0,0,1,0,0,0,0,1,0,0,0,0,1,0,0
ID_KQ07JR6LCQ,L415F00213C01S09196Rp30462.jpg,1,0,0,0,1,1,0,0,0,0,0,0,1,0,0
ID_I4K6L9C8UC,L325F01048C01S00929Rp13341.jpg,1,0,1,0,0,1,0,0,0,0,0,0,0,1,0
ID_F1QUV3QFJO,L1084F00022C01S00077Rp06917.jpg,1,0,1,0,0,1,0,0,0,0,0,0,0,1,0
ID_L9EXW3JAHY,90_repeat_2_1188_5970_4328.JPG,0,1,0,0,0,0,0,1,0,0,0,1,0,0,0
ID_F6DU9BTFET,L410F01225C01S02547Rp11231.jpg,0,1,0,0,0,0,0,0,0,0,1,0,0,1,0
ID_5SI7DUVAUQ,L410F03168C01S00435Rp14377.jpg,1,0,1,0,0,1,0,0,0,0,0,0,0,1,0
ID_4CUO669JAI,L427F01150C39S15035Rp48761.jpg,1,1,0,0,0,1,0,0,0,0,0,0,0,0,1
ID_TU8ZWXS4GN,L144F00935C01S00248Rp13579.jpg,1,0,1,0,0,1,0,0,0,0,0,0,0,1,0
ID_NGA309KAGZ,L341F03604C01S00710Rp13957.jpg,1,0,1,0,0,1,0,0,0,0,0,0,0,1,0
ID_S15EGL9H70,L410F01014C39S12339Rp49156.jpg,1,0,1,0,0,1,0,0,0,0,0,0,0,0,1
ID_SIFNY72M7L,L1094F00578C01S07998Rp28500.jpg,0,1,0,0,0,0,0,1,0,0,0,0,1,0,0
ID_5S02AOD1VB,L323F03132C39S13057Rp35435.jpg,0,0,0,0,1,0,0,1,0,0,0,0,0,0,1
ID_Z2KHMFNAWB,L1084F03437C01S02993Rp09713.jpg,1,0,1,0,0,1,0,0,0,0,0,0,0,1,0
ID_J5ABICGTL8,L144F00933C01S07452Rp29214.jpg,1,0,1,0,0,1,0,0,0,0,0,0,1,0,0
ID_ZG352JWX1R,L144F02485C03S10465Rp23615.jpg,0,0,0,0,1,0,0,0,0,0,1,0,1,0,0
ID_O0UCHRT6RN,L221F03319C01S05097Rp11010.jpg,0,1,0,0,0,0,0,1,0,0,0,0,0,1,0
ID_0OH2V87C1R,L371F04440C01S10932Rp27872.jpg,0,0,0,0,1,0,0,0,0,0,1,0,1,0,0
ID_QF614CX1LP,L354F00181C01S00963Rp14985.jpg,1,0,1,0,0,1,0,0,0,0,0,0,0,1,0
ID_R831QZ827E,L144F00933C01S07452Rp15835.jpg,0,0,0,0,1,0,0,0,0,0,1,0,1,0,0
ID_JWK29ASNIF,L1150F01299C01S04844Rp04663.jpg,0,0,1,0,0,0,0,0,1,0,0,0,0,1,0
ID_63IYV9H2P8,L1094F04331C01S07342Rp15401.jpg,0,0,0,0,1,0,0,0,0,0,1,0,1,0,0
ID_WY9323FR9I,L428F00919C01S00396Rp13182.jpg,1,0,1,0,0,1,0,0,0,0,0,0,0,1,0
ID_DRU0SPHWFN,225_repeat_2_1312_5620_3973.JPG,1,0,1,0,0,1,0,0,0,0,0,1,0,0,0
ID_SZEQSTEU4A,L1095F02636C39S11619Rp32517.jpg,0,0,0,0,1,0,0,1,0,0,0,0,0,0,1
ID_CEBVFS3VH4,L992F04370C01S07426Rp21300.jpg,0,0,0,0,1,0,0,1,0,0,0,0,1,0,0
ID_2RG184S4DS,L1150F02402C39S14857Ip.jpg,0,1,0,0,0,0,0,1,0,0,0,0,0,0,1
ID_XBRTIZX16A,L361F02344C39S14061Rp48579.jpg,1,0,1,0,0,1,0,0,0,0,0,0,0,0,1
ID_RPJK509LCW,L1137F03462C01S09509Rp27229.jpg,0,1,0,0,0,0,0,1,0,0,0,0,1,0,0
ID_KUI2I5OI1I,L410F01562C01S02763Rp13140.jpg,1,0,1,0,0,1,0,0,0,0,0,0,0,1,0
ID_IYYSPXTZXM,L341F01175C01S08111Rp31185.jpg,1,0,1,0,0,1,0,0,0,0,0,0,1,0,0
ID_HRWZR4XAQ9,L131F03895C01S07353Rp22643.jpg,1,1,0,0,0,1,0,0,0,0,0,0,1,0,0
ID_0BA2QACNLC,L133F00529C39S14338Rp48550.jpg,1,0,1,0,0,1,0,0,0,0,0,0,0,0,1
ID_LKZ28F6ROW,L144F00101C01S08552Rp26542.jpg,1,0,1,0,0,1,0,0,0,0,0,0,1,0,0
ID_ZXV8TTBJC0,L410F01795C01S08363Rp16437.jpg,0,0,0,0,1,0,0,0,0,0,1,0,1,0,0
ID_RU2WVM89ZH,L1095F00444C39S12039Rp42683.jpg,1,0,1,0,0,1,0,0,0,0,0,0,0,0,1
ID_G409FZHOBZ,L371F00131C39S14373Rp44829.jpg,0,0,0,0,1,0,0,0,0,0,1,0,0,0,1
ID_FUUXQLSXAO,L144F01563C01S10110Rp25851.jpg,1,1,0,0,0,1,0,0,0,0,0,0,1,0,0
ID_LUKEBBNKQZ,L1116F02202C39S11856Ip.jpg,0,0,0,0,1,0,0,0,0,0,1,0,0,0,1
ID_MU1PNWTZNW,L1084F02299C01S02998Rp10184.jpg,1,0,1,0,0,1,0,0,0,0,0,0,0,1,0
ID_HINHZ4AYCE,L1095F00444C39S12039Rp43714.jpg,1,0,1,0,0,1,0,0,0,0,0,0,0,0,1
ID_5Z65OAJU9T,L134F04015C01S05270Rp10636.jpg,0,1,0,0,0,0,0,0,1,0,0,0,0,1,0
ID_SYIWVPN34P,L222F03216C01S03892Rp11496.jpg,0,1,0,0,0,0,0,1,0,0,0,0,0,1,0
ID_0ZJOFXUSKF,L342F02127C01S03418Rp13567.jpg,1,0,1,0,0,1,0,0,0,0,0,0,0,1,0
ID_KB1RBC95HS,L1094F03591C01S07735Rp18290.jpg,0,0,0,0,1,0,0,0,0,0,1,0,1,0,0
ID_RVW6YDHL59,L1084F02327C01S07504Rp24582.jpg,0,1,0,0,0,0,0,1,0,0,0,0,1,0,0
ID_EGQYGH7IA0,L141F00671C39S12517Rp42723.jpg,0,0,1,0,0,0,0,0,0,0,1,0,0,0,1
ID_JIB8C7RTYX,244_repeat_2_2082_1573_1162.JPG,0,1,0,0,0,0,0,1,0,0,0,1,0,0,0
ID_HPMT3KURL8,L342F02591C01S03294Rp08990.jpg,0,0,1,0,0,0,0,0,0,0,1,0,0,1,0
ID_7OKRUT6J6I,L134F00787C01S02724Rp13619.jpg,1,0,1,0,0,1,0,0,0,0,0,0,0,1,0
ID_75EJTDP1A9,L1155F04259C01S07228Rp22630.jpg,1,1,0,0,0,1,0,0,0,0,0,0,1,0,0
ID_2XGZSOILLG,142_repeat_2_2207_5295_3662.JPG,1,0,1,0,0,1,0,0,0,0,0,1,0,0,0
ID_EWFTRGLCJM,11_repeat_2_2416_5276_3639.JPG,0,0,1,0,0,0,0,0,1,0,0,1,0,0,0
ID_YSWLXYS5KF,L1149F00401C01S08171Rp16218.jpg,0,0,0,0,1,0,0,1,0,0,0,0,1,0,0
ID_6TKW1KMRNM,L1084F01969C01S01482Rp07756.jpg,1,0,1,0,0,1,0,0,0,0,0,0,0,1,0
ID_PGTQ430G3C,L406F01488C01S14408Rp44744.jpg,0,0,0,0,1,0,0,0,0,0,1,0,0,0,1
ID_9MUFHN79UB,L429F00352C01S08973Rp29451.jpg,1,1,0,0,0,1,0,0,0,0,0,0,1,0,0
ID_Y9I8AA1HQA,L1089F01745C01S07706Rp23741.jpg,1,1,0,0,0,1,0,0,0,0,0,0,1,0,0
ID_QT5RF820S3,L134F00092C01S00173Rp13529.jpg,1,0,1,0,0,1,0,0,0,0,0,0,0,1,0
ID_0ATP0CV0I0,L1095F00444C39S12039Dp41461.jpg,1,0,1,0,0,1,0,0,0,0,0,0,0,0,1
ID_499W0J425K,L353F03620C01S01305Rp14805.jpg,1,0,1,0,0,1,0,0,0,0,0,0,0,1,0
ID_0UT3XV1TNP,L1153F03533C01S08705Rp22904.jpg,0,0,1,0,0,0,0,0,0,0,1,0,1,0,0
ID_EM1QH68RD9,L243F04629C39S12226Rp44848.jpg,0,0,1,0,0,0,0,0,0,0,1,0,0,0,1
ID_Z7WMOK4KKT,L133F00716C39S14618Rp48118.jpg,1,0,1,0,0,1,0,0,0,0,0,0,0,0,1
ID_U6EOIF4T7Q,L354F00296C01S08046Rp23695.jpg,0,1,0,0,0,0,0,1,0,0,0,0,1,0,0
ID_U5T6869MSD,L1089F00459C01S08535Rp19081.jpg,0,0,0,0,1,0,0,1,0,0,0,0,1,0,0
ID_272UD023MN,154_repeat_2_1580_5581_3919.JPG,1,0,1,0,0,1,0,0,0,0,0,1,0,0,0
ID_WO5WQNA9YU,L426F00475C40S14969Ip.jpg,0,0,0,1,0,0,0,1,0,0,0,0,0,0,1
ID_W6BDUK45QV,L376F04701C39S12389Ip.jpg,0,0,0,1,0,0,0,1,0,0,0,0,0,0,1
ID_HLR2VBHOPJ,L1123F01353C20S10583Rp23688.jpg,0,1,0,0,0,0,0,1,0,0,0,0,1,0,0
ID_K537OUGNNW,L133F00088C39S14613Rp48115.jpg,1,0,1,0,0,1,0,0,0,0,0,0,0,0,1
ID_CNJXXLSACU,L1115F01288C39S12158Rp36272.jpg,0,0,0,0,1,0,0,0,0,0,1,0,0,0,1
ID_NJIH2WI9MY,L222F01199C01S02989Rp12816.jpg,1,0,1,0,0,1,0,0,0,0,0,0,0,1,0
ID_I61DK2S6YB,L134F00785C01S05445Rp14088.jpg,1,0,1,0,0,1,0,0,0,0,0,0,0,1,0
ID_AZM29OKY5M,L415F01039C01S09197Rp29624.jpg,0,1,0,0,0,0,0,0,0,0,1,0,1,0,0
ID_A6FTQT28GU,199_repeat_2_1045_4941_3316.JPG,0,1,0,0,0,0,0,1,0,0,0,1,0,0,0
ID_VR0Z62T49E,L1116F00542C39S11845Rp42285.jpg,1,0,1,0,0,1,0,0,0,0,0,0,0,0,1
ID_3L3MNX2GLO,21_repeat_2_1361_6009_4370.JPG,1,0,1,0,0,1,0,0,0,0,0,1,0,0,0
ID_YFHHSPKDX8,L376F00673C39S12369Rp47647.jpg,1,0,1,0,0,1,0,0,0,0,0,0,0,0,1
ID_W0M70DQIFN,L398F01012C01S03352Rp14903.jpg,1,0,1,0,0,1,0,0,0,0,0,0,0,1,0
ID_2PPCFLNO0K,L113F03561C01S10082Rp30628.jpg,0,1,0,0,0,0,0,1,0,0,0,0,1,0,0
ID_1YZBIK8CYW,L1102F01200C01S10086Rp24855.jpg,0,0,0,0,1,0,0,1,0,0,0,0,1,0,0
ID_7Q7W657JC4,L428F02307C42S13822Rp34818.jpg,0,0,0,1,0,0,0,1,0,0,0,0,0,0,1
ID_LYRP149D94,L134F04020C01S02985Rp14652.jpg,1,0,1,0,0,1,0,0,0,0,0,0,0,1,0
ID_CV0E0B745T,L122F00610C39S13857Rp35233.jpg,0,0,0,0,1,0,0,1,0,0,0,0,0,0,1
ID_M3WXAB2HBN,L1084F00022C01S00077Rp07840.jpg,1,0,1,0,0,1,0,0,0,0,0,0,0,1,0
ID_DHYWM9T02T,L144F01895C01S01815Rp13828.jpg,1,0,1,0,0,1,0,0,0,0,0,0,0,1,0
ID_7TYPU0RFZY,L429F03126C01S01041Rp13501.jpg,1,0,1,0,0,1,0,0,0,0,0,0,0,1,0
ID_8GOPW2KBUO,L1084F00438C39S13923Rp33439.jpg,0,0,0,0,1,0,0,1,0,0,0,0,0,0,1
ID_D02GYYF4KC,L325F00154C01S00074Rp14816.jpg,1,0,1,0,0,1,0,0,0,0,0,0,0,1,0
ID_RPYIS41ZSD,L134F00821C01S09698Rp19889.jpg,0,1,0,0,0,0,0,0,0,0,1,0,1,0,0
ID_LLGG1K2SUI,L376F00955C01S10053Rp22681.jpg,0,0,0,0,1,0,0,0,0,0,1,0,1,0,0
ID_NYK0DD0WAG,L1102F00034C01S01526Rp09482.jpg,1,0,1,0,0,1,0,0,0,0,0,0,0,1,0
ID_LUKCJ35HP1,L222F00238C39S12786Rp34483.jpg,0,0,0,1,0,0,0,1,0,0,0,0,0,0,1
ID_XY34CO05HJ,L141F00095C01S01267Rp13888.jpg,1,0,1,0,0,1,0,0,0,0,0,0,0,1,0
ID_4N14S6VSTM,L1155F00062C01S00047Rp09397.jpg,1,0,1,0,0,1,0,0,0,0,0,0,0,1,0
ID_LBX7OI0ASP,88_repeat_2_1243_4578_2966.JPG,1,0,1,0,0,1,0,0,0,0,0,1,0,0,0
ID_M5UD29RLTY,L133F00693C01S09574Rp25603.jpg,1,0,0,0,1,1,0,0,0,0,0,0,1,0,0
ID_EUF9QPSOT3,L378F01645C39S12354Rp43105.jpg,0,0,0,0,1,0,0,0,0,0,1,0,0,0,1
ID_JWERGMVNFV,L134F00765C01S02653Rp12930.jpg,1,0,1,0,0,1,0,0,0,0,0,0,0,1,0
ID_7XP9VYN3R8,L1139F03157C39S11986Ip.jpg,0,0,0,0,1,0,0,0,0,1,0,0,0,0,1
ID_ZEF638Z8R8,L1083F00261C01S00500Rp05404.jpg,0,1,0,0,0,0,0,1,0,0,0,0,0,1,0
ID_ROXY49UH1Z,L1094F01464C01S07531Rp15249.jpg,0,0,0,1,0,0,0,0,0,0,1,0,1,0,0
ID_YBJTB18I0H,L134F00802C01S05278Rp14566.jpg,1,0,1,0,0,1,0,0,0,0,0,0,0,1,0
ID_HPL2M6AFBF,L1116F02814C39S11846Rp42284.jpg,1,0,1,0,0,1,0,0,0,0,0,0,0,0,1
ID_U9GMIFTGD7,L1084F00364C01S07510Rp22220.jpg,0,0,0,0,1,0,0,1,0,0,0,0,1,0,0
ID_VXUGKCTPU5,L376F00307C01S00522Rp14860.jpg,1,0,1,0,0,1,0,0,0,0,0,0,0,1,0
ID_BO3HH8ZI8J,L429F00355C01S02047Rp13496.jpg,1,0,1,0,0,1,0,0,0,0,0,0,0,1,0
ID_URBE9YENGQ,L435F01653C41S12527Rp38421.jpg,0,0,0,1,0,0,0,1,0,0,0,0,0,0,1
ID_OLWLCZM3GW,L1095F03386C39S12040Rp43718.jpg,1,0,1,0,0,1,0,0,0,0,0,0,0,0,1
ID_HFRL6J4H6J,L331F04163C01S06842Rp15812.jpg,0,0,0,0,1,0,0,0,0,0,1,0,1,0,0
ID_WF32O07ARK,L1084F00521C01S07455Rp19061.jpg,0,0,0,0,1,0,0,1,0,0,0,0,1,0,0
ID_NNWV440R4B,L331F04183C39S12632Rp36584.jpg,0,1,0,0,0,0,0,0,0,0,1,0,0,0,1
ID_KMZNK5T727,L429F00658C01S01258Rp13524.jpg,1,0,1,0,0,1,0,0,0,0,0,0,0,1,0
ID_ZI8N89QBXO,L221F01293C01S03344Rp14575.jpg,1,0,1,0,0,1,0,0,0,0,0,0,0,1,0
ID_2XE70QY2FJ,L371F04446C01S10942Rp31521.jpg,0,0,0,1,0,0,0,1,0,0,0,0,1,0,0
ID_6R2ZVNZ1HZ,L410F01546C39S14486Rp42102.jpg,0,0,0,0,1,0,0,0,0,0,1,0,0,0,1
ID_MUKCN7FB7N,L144F01764C01S01724Rp13859.jpg,1,0,1,0,0,1,0,0,0,0,0,0,0,1,0
ID_950L1I0KP2,157_repeat_2_1278_5186_3511.JPG,1,0,1,0,0,1,0,0,0,0,0,1,0,0,0
ID_9W69P4YB86,L331F04065C01S09434Rp23197.jpg,0,0,1,0,0,0,0,1,0,0,0,0,1,0,0
ID_XN2UH12X1I,L325F00557C39S12175Rp46984.jpg,0,0,1,0,0,0,0,0,0,0,1,0,0,0,1
ID_KL9EXQYVBR,L354F00181C01S00963Rp13874.jpg,1,0,1,0,0,1,0,0,0,0,0,0,0,1,0
ID_A2X9LI3LVL,L144F00098C01S07631Rp25394.jpg,0,1,0,0,0,0,0,0,0,0,1,0,1,0,0
ID_SSLTZCM0L6,L221F02171C01S08489Rp28136.jpg,0,0,1,0,0,0,0,0,0,0,1,0,1,0,0
ID_D96THKX09P,L1136F03296C01S00108Rp08910.jpg,1,0,1,0,0,1,0,0,0,0,0,0,0,1,0
ID_MI13SACU32,212_repeat_2_1993_4950_3331.JPG,0,0,1,0,0,0,1,0,0,0,0,1,0,0,0
ID_4I0R7JPLMC,202_repeat_2_1375_5919_4264.JPG,1,0,1,0,0,1,0,0,0,0,0,1,0,0,0
ID_IJBAIHEOOO,L435F01432C02S07913Rp26702.jpg,1,0,0,1,0,1,0,0,0,0,0,0,1,0,0
ID_6YA4DWU9T9,L134F00838C01S05276Rp14569.jpg,1,0,1,0,0,1,0,0,0,0,0,0,0,1,0
ID_GX1FUW2WCM,L1084F03177C01S08061Rp19070.jpg,0,0,0,0,1,0,0,1,0,0,0,0,1,0,0
ID_UYGCT00RZ4,L1149F00441C39S11826Rp36940.jpg,0,1,0,0,0,0,0,1,0,0,0,0,0,0,1
ID_D9MFFHSNAW,L331F00538C01S07067Rp19782.jpg,0,0,0,0,1,0,0,0,0,0,1,0,1,0,0
ID_4IBLOUL2VB,L410F01648C01S08227Rp27597.jpg,1,1,0,0,0,1,0,0,0,0,0,0,1,0,0
ID_JKZZPACNBM,L1149F00401C01S00347Rp07481.jpg,1,0,1,0,0,1,0,0,0,0,0,0,0,1,0
ID_6W14BNBU49,L341F01861C01S00985Rp13977.jpg,1,0,1,0,0,1,0,0,0,0,0,0,0,1,0
ID_CJ01HUD56R,L144F00679C01S07464Rp30145.jpg,1,1,0,0,0,1,0,0,0,0,0,0,1,0,0
ID_L93OB7A23L,L1133F01558C39S12667Rp34220.jpg,0,1,0,0,0,0,0,1,0,0,0,0,0,0,1
ID_GIT9FZMBVF,L141F03791C01S02358Rp13905.jpg,1,0,1,0,0,1,0,0,0,0,0,0,0,1,0
ID_JSU5UW37TN,L1153F04298C39S11875Rp41195.jpg,1,0,1,0,0,1,0,0,0,0,0,0,0,0,1
ID_DAR9OVYZVE,L406F04377C01S10237Rp31232.jpg,1,0,0,0,1,1,0,0,0,0,0,0,1,0,0
ID_44RAZJJ21N,L134F00787C01S02724Rp10589.jpg,0,0,1,0,0,0,0,0,0,0,1,0,0,1,0
ID_TB76VNN0KK,L435F02262C01S03966Rp00504.jpg,0,0,0,1,0,0,0,1,0,0,0,0,0,1,0
ID_43OEFFYWPR,L1094F01392C01S07054Rp22995.jpg,0,0,0,0,1,0,0,1,0,0,0,0,1,0,0
ID_L72MS77ZBO,L354F03994C01S01040Rp14991.jpg,1,0,1,0,0,1,0,0,0,0,0,0,0,1,0
ID_HMKEBNTYGD,L1093F00688C01S08766Rp19634.jpg,0,0,0,0,1,0,0,0,0,0,1,0,1,0,0
ID_Y4ZFDY8YUD,L113F00663C01S10034Rp30062.jpg,0,0,0,0,1,0,0,1,0,0,0,0,1,0,0
ID_I26MTTK5SK,L242F01471C03S08179Rp27389.jpg,1,0,1,0,0,1,0,0,0,0,0,0,1,0,0
ID_HBDW1PUP37,L124F03541C01S01231Rp01564.jpg,0,0,0,0,1,0,0,1,0,0,0,0,0,1,0
ID_O7V5P9HYEM,L1149F00401C01S08171Rp16906.jpg,0,0,0,0,1,0,0,1,0,0,0,0,1,0,0
ID_CK1XW2D4RE,L371F01082C39S12783Rp45591.jpg,0,0,0,0,1,0,0,1,0,0,0,0,0,0,1
ID_NOCRHY5UIR,L365F03009C39S12460Rp46023.jpg,0,0,1,0,0,0,0,0,0,0,1,0,0,0,1
ID_E2J9U5GOXC,L1094F02707C01S02877Rp07827.jpg,1,0,1,0,0,1,0,0,0,0,0,0,0,1,0
ID_PIZ746GWC3,L1123F01920C39S12016Rp42339.jpg,1,0,1,0,0,1,0,0,0,0,0,0,0,0,1
ID_OOLXEG58ZI,L398F02699C01S01139Rp14626.jpg,1,0,1,0,0,1,0,0,0,0,0,0,0,1,0
ID_V2FRW44FEI,L410F02019C39S12378Rp36895.jpg,0,0,0,1,0,0,0,1,0,0,0,0,0,0,1
ID_U6ZVW19Y8G,L1094F00389C01S08237Rp25017.jpg,0,0,1,0,0,0,0,1,0,0,0,0,1,0,0
ID_715Z11IC7Z,L1090F00638C39S11883Rp36813.jpg,0,1,0,0,0,0,0,1,0,0,0,0,0,0,1
ID_9YWKHJZ4KX,L144F00100C39S12234Rp48253.jpg,1,0,1,0,0,1,0,0,0,0,0,0,0,0,1
ID_0WRYQF7YA4,L1153F02240C01S01054Rp07198.jpg,1,0,1,0,0,1,0,0,0,0,0,0,0,1,0
ID_4BLVI96Y8T,L142F01214C01S02990Rp08174.jpg,0,1,0,0,0,0,0,1,0,0,0,0,0,1,0
ID_B1WQFRDLRZ,L1084F02299C01S02998Rp09949.jpg,1,0,1,0,0,1,0,0,0,0,0,0,0,1,0
ID_EF0N63ICLA,L242F01471C41S14075Rp48528.jpg,1,0,1,0,0,1,0,0,0,0,0,0,0,0,1
ID_JCF417BGTY,L144F01895C01S01815Rp13829.jpg,1,0,1,0,0,1,0,0,0,0,0,0,0,1,0
ID_JYMCC1NOZ7,L1094F02632C01S02597Rp06352.jpg,0,0,1,0,0,0,0,0,0,0,1,0,0,1,0
ID_037E7X5VX6,L232F04028C03S10345Rp26214.jpg,1,0,1,0,0,1,0,0,0,0,0,0,1,0,0
ID_G74IWF8ZL2,L361F00187C01S07740Rp15332.jpg,0,0,0,1,0,0,0,1,0,0,0,0,1,0,0
ID_Q3J0SRKGX3,L361F02340C39S14059Rp34026.jpg,0,0,0,1,0,0,0,0,0,0,1,0,0,0,1
ID_M0DV317740,L428F00467C01S05094Rp10101.jpg,0,1,0,0,0,0,0,1,0,0,0,0,0,1,0
ID_5T3PRSDLSE,L1133F00552C39S12110Rp35395.jpg,0,0,1,0,0,0,0,1,0,0,0,0,0,0,1
ID_66FSXBEHFJ,L221F00237C01S03306Rp09944.jpg,0,0,1,0,0,0,0,0,0,0,1,0,0,1,0
ID_L0OO3YKIEJ,L1089F02252C01S00287Rp11824.jpg,1,0,1,0,0,1,0,0,0,0,0,0,0,1,0
ID_4VX8S3C8UW,L1123F00376C39S11926Rp42337.jpg,1,0,1,0,0,1,0,0,0,0,0,0,0,0,1
ID_WZFCHF5THE,L428F00224C39S13200Rp46738.jpg,0,0,0,0,1,0,0,1,0,0,0,0,0,0,1
ID_W1UYZN45BB,L323F01551C01S01270Rp12991.jpg,1,0,1,0,0,1,0,0,0,0,0,0,0,1,0
ID_CQ2M5E7IE7,L410F00106C39S14584Rp49299.jpg,1,0,0,0,1,1,0,0,0,0,0,0,0,0,1
ID_3VF6E8W8N3,L428F03357C39S14368Rp48692.jpg,1,0,0,0,1,1,0,0,0,0,0,0,0,0,1
ID_XNEV45R63I,L1083F03529C39S12096Ip.jpg,0,0,1,0,0,0,0,0,0,0,1,0,0,0,1
ID_Y41BLXSY88,L1133F00552C01S01524Rp07744.jpg,1,0,1,0,0,1,0,0,0,0,0,0,0,1,0
ID_GSPMLJ8B9N,L376F03184C01S07684Rp29874.jpg,1,1,0,0,0,1,0,0,0,0,0,0,1,0,0
ID_452MQXCN0O,L1153F03533C01S01053Rp10479.jpg,1,0,1,0,0,1,0,0,0,0,0,0,0,1,0
ID_ISMK7LYM67,L1093F02787C01S07244Rp19727.jpg,0,0,0,0,1,0,0,1,0,0,0,0,1,0,0
ID_O02DH8PJP3,L1133F00440C01S07407Rp24468.jpg,1,0,0,0,1,1,0,0,0,0,0,0,1,0,0
ID_IC590KRNC3,L315F02143C01S02268Rp15046.jpg,1,0,1,0,0,1,0,0,0,0,0,0,0,1,0
ID_JDYN0BVL8D,L406F01517C01S01357Rp13776.jpg,1,0,1,0,0,1,0,0,0,0,0,0,0,1,0
ID_0KOQV8AS23,L1089F00425C39S11643Rp41715.jpg,1,0,1,0,0,1,0,0,0,0,0,0,0,0,1
ID_RTTDZSFYZZ,L406F00362C01S00614Rp13774.jpg,1,0,1,0,0,1,0,0,0,0,0,0,0,1,0
ID_ACLQBMNNKO,L1153F03533C39S11823Rp41531.jpg,1,0,1,0,0,1,0,0,0,0,0,0,0,0,1
ID_E569CTGW8Y,L1150F03448C01S10097Rp29558.jpg,1,1,0,0,0,1,0,0,0,0,0,0,1,0,0
ID_P5QISROI8S,L133F00737C01S03192Rp12398.jpg,1,0,1,0,0,1,0,0,0,0,0,0,0,1,0
ID_FB8S3E10MK,L410F01562C01S08204Rp30063.jpg,1,1,0,0,0,1,0,0,0,0,0,0,1,0,0
ID_0JD26ME5S5,L134F00823C39S14202Rp47695.jpg,1,1,0,0,0,1,0,0,0,0,0,0,0,0,1
ID_HWV1X94O9G,L124F00080C01S00227Rp13680.jpg,1,0,1,0,0,1,0,0,0,0,0,0,0,1,0
ID_2WTQA4TQC2,L326F01990C39S14341Rp37565.jpg,0,0,0,1,0,0,0,0,0,0,1,0,0,0,1
ID_EK9VBT298G,158_repeat_2_1490_5508_3885.JPG,1,0,1,0,0,1,0,0,0,0,0,1,0,0,0
ID_12Z0WLAKJI,L1139F00045C01S01572Rp05743.jpg,1,0,1,0,0,1,0,0,0,0,0,0,0,1,0
ID_PS23SZU2CQ,L133F03263C01S06950Rp29012.jpg,1,1,0,0,0,1,0,0,0,0,0,0,1,0,0
ID_G1QP4N42JY,L429F04542C39S13970Rp48013.jpg,1,0,0,0,1,1,0,0,0,0,0,0,0,0,1
ID_Q2KWIZ7Z8C,L342F03467C01S03554Rp14436.jpg,0,0,1,0,0,0,0,0,0,0,1,0,0,1,0
ID_PSXRJRYIRM,L222F03122C39S12802Rp46719.jpg,0,0,1,0,0,0,0,0,0,0,1,0,0,0,1
ID_NZRV5V7YK1,L341F03787C39S12266Rp45225.jpg,0,0,1,0,0,0,0,0,0,0,1,0,0,0,1
ID_F44U95FQOW,L315F00648C39S13356Rp49329.jpg,1,0,0,0,1,1,0,0,0,0,0,0,0,0,1
ID_GUMMZQMZU0,L144F01278C01S01563Rp13860.jpg,1,0,1,0,0,1,0,0,0,0,0,0,0,1,0
ID_OF6KRGHSWQ,L1089F03143C01S00644Rp08884.jpg,1,0,1,0,0,1,0,0,0,0,0,0,0,1,0
ID_K9FGR0REBK,L1093F00633C01S07462Rp25039.jpg,0,1,0,0,0,0,0,1,0,0,0,0,1,0,0
ID_FPHGQ2A68M,L428F00404C39S12398Rp48221.jpg,1,0,1,0,0,1,0,0,0,0,0,0,0,0,1
ID_8V3EOTX4SZ,L221F00237C01S03306Rp14153.jpg,1,0,1,0,0,1,0,0,0,0,0,0,0,1,0
ID_J0N2GHAP89,L141F02852C01S03725Rp02119.jpg,0,0,0,0,1,0,0,1,0,0,0,0,0,1,0
ID_FTATL9PJ2C,L341F00366C01S06863Rp18347.jpg,0,0,0,0,1,0,0,0,0,1,0,0,1,0,0
ID_QXGUFNCF9W,L1094F01169C01S07720Rp22987.jpg,0,0,0,0,1,0,0,1,0,0,0,0,1,0,0
ID_ICFIMP89KZ,139_repeat_2_1489_5091_3420.JPG,1,0,1,0,0,1,0,0,0,0,0,1,0,0,0
ID_DF1C4EEM3K,L1137F00887C39S11852Rp32807.jpg,0,0,0,0,1,0,0,1,0,0,0,0,0,0,1
ID_GACWFWT9SS,L371F01180C01S04116Rp14018.jpg,1,0,1,0,0,1,0,0,0,0,0,0,0,1,0
ID_MHS3YYN710,L1153F04301C39S11879Rp32602.jpg,0,0,0,0,1,0,0,1,0,0,0,0,0,0,1
ID_PN2DWGV44Z,L398F03412C39S13514Rp36644.jpg,0,0,0,1,0,0,0,1,0,0,0,0,0,0,1
ID_092XELE39K,L243F04631C01S06793Rp26188.jpg,1,0,1,0,0,1,0,0,0,0,0,0,1,0,0
ID_12LOZZ5DB9,L1095F01389C39S12046Dp42510.jpg,1,0,1,0,0,1,0,0,0,0,0,0,0,0,1
ID_88KESE9MEG,L221F03419C01S08474Rp16134.jpg,0,0,0,0,1,0,0,0,0,0,1,0,1,0,0
ID_G2FXVT3Q5Z,L326F01983C01S00085Rp14965.jpg,1,0,1,0,0,1,0,0,0,0,0,0,0,1,0
ID_EBCJECMYP1,L331F04174C39S12611Ip.jpg,0,0,0,1,0,0,0,1,0,0,0,0,0,0,1
ID_90T7DSW63M,L243F04634C41S12222Rp39808.jpg,0,1,0,0,0,0,0,0,0,0,1,0,0,0,1
ID_AYWJ3B4WI8,171_repeat_2_2352_2961_1903.JPG,1,0,1,0,0,1,0,0,0,0,0,1,0,0,0
ID_8BD7NL6RX7,L415F04495C39S12684Rp35999.jpg,0,0,0,1,0,0,0,1,0,0,0,0,0,0,1
ID_LPHIRCO0AP,L429F03126C01S08196Rp29851.jpg,1,1,0,0,0,1,0,0,0,0,0,0,1,0,0
ID_8DO2YNLKNY,L1089F02409C01S08724Rp19518.jpg,0,0,0,0,1,0,0,1,0,0,0,0,1,0,0
ID_BUYGXCJ53T,L121F03608C39S12704Rp40783.jpg,0,0,0,0,1,0,0,0,0,0,1,0,0,0,1
ID_JYI5PJ8N7W,L322F03389C02S09641Rp20661.jpg,0,0,0,0,1,0,0,0,0,0,1,0,1,0,0
ID_EOEPDFQUFP,L342F02120C01S03404Rp13561.jpg,1,0,1,0,0,1,0,0,0,0,0,0,0,1,0
ID_P6YEF7J73O,L1094F00890C39S11559Rp41771.jpg,1,0,1,0,0,1,0,0,0,0,0,0,0,0,1
ID_KV7W9R8S9J,L124F01433C01S00540Ip.jpg,0,0,0,0,1,0,0,1,0,0,0,0,0,1,0
ID_31QYDO941N,L121F03608C01S08254Rp26709.jpg,0,0,1,0,0,0,0,1,0,0,0,0,1,0,0
ID_GBPXQ2KEOG,L1116F03498C01S10112Rp24950.jpg,0,0,0,0,1,0,0,1,0,0,0,0,1,0,0
ID_52FBDLM221,L315F01085C39S13363Rp44557.jpg,0,0,0,0,1,0,0,0,0,0,1,0,0,0,1
ID_03HYNIO8YN,L1094F00681C01S07968Rp17852.jpg,0,0,0,0,1,0,0,0,0,0,1,0,1,0,0
ID_2ANIS6MY86,L406F01761C01S01359Rp13775.jpg,1,0,1,0,0,1,0,0,0,0,0,0,0,1,0
ID_FFJMP6L0QV,L333F03400C01S03750Rp11064.jpg,0,1,0,0,0,0,0,0,0,0,1,0,0,1,0
ID_UHYH850J61,L144F00933C01S07452Rp30141.jpg,1,0,1,0,0,1,0,0,0,0,0,0,1,0,0
ID_XOORKI5DJ0,L331F04171C01S04113Rp09150.jpg,0,0,1,0,0,0,0,1,0,0,0,0,0,1,0
ID_4QHKLGTU96,L222F01384C01S02997Rp12818.jpg,1,0,1,0,0,1,0,0,0,0,0,0,0,1,0
ID_3ELNMCPC1D,213_repeat_2_1416_1077_761.JPG,0,0,0,0,1,0,0,1,0,0,0,1,0,0,0
ID_IWRTNZTN1V,L1142F00442C39S11802Rp40920.jpg,1,0,1,0,0,1,0,0,0,0,0,0,0,0,1
ID_PBCJ6OR8WB,L1083F01475C01S08003Rp16789.jpg,0,0,0,0,1,0,0,0,0,0,1,0,1,0,0
ID_S9PSPZBVPU,L354F03990C01S03051Rp14481.jpg,1,0,1,0,0,1,0,0,0,0,0,0,0,1,0
ID_DOIXN4IE8B,132_repeat_2_1498_5696_4072.JPG,1,0,1,0,0,1,0,0,0,0,0,1,0,0,0
ID_XHL86WDJ0V,L433F03137C39S14105Rp48148.jpg,1,1,0,0,0,1,0,0,0,0,0,0,0,0,1
ID_ZGMSFLX4G3,L141F01498C39S13929Rp38961.jpg,0,0,0,0,1,0,0,0,0,0,1,0,0,0,1
ID_5OJKLKLGOB,L131F03901C01S01631Rp14770.jpg,1,0,1,0,0,1,0,0,0,0,0,0,0,1,0
ID_3DU9S7KP8K,L354F00183C01S02541Rp06560.jpg,0,0,0,0,1,0,0,0,0,0,1,0,0,1,0
ID_92FTV5O56F,L1084F03437C01S02993Rp09439.jpg,1,0,1,0,0,1,0,0,0,0,0,0,0,1,0
ID_VJA4FJ8B05,L433F00647C01S01268Rp13437.jpg,1,0,1,0,0,1,0,0,0,0,0,0,0,1,0
ID_GYCJLYPZB7,L1130F00057C01S08015Rp17644.jpg,0,0,0,0,1,0,0,0,0,0,1,0,1,0,0
ID_88BY00VASN,L406F02725C01S10262Rp32152.jpg,1,0,0,0,1,1,0,0,0,0,0,0,1,0,0
ID_86MGJF3UW7,15_repeat_2_1352_408_283.JPG,0,0,0,0,1,0,0,0,0,0,1,1,0,0,0
ID_ELEY0CDZV4,L415F00414C01S01095Rp14782.jpg,1,0,1,0,0,1,0,0,0,0,0,0,0,1,0
ID_Q0XO1R0Y7P,L361F03528C01S07736Rp31553.jpg,0,1,0,0,0,0,0,1,0,0,0,0,1,0,0
ID_9EGQCVCWV7,L121F02106C01S01464Rp07959.jpg,0,1,0,0,0,0,0,1,0,0,0,0,0,1,0
ID_AJX6NRFSME,L331F04184C39S12614Rp49027.jpg,0,0,1,0,0,0,0,0,0,0,1,0,0,0,1
ID_94MQB9SQ87,L429F01328C01S01599Rp13500.jpg,1,0,1,0,0,1,0,0,0,0,0,0,0,1,0
ID_9FUZ1UXNNI,212_repeat_2_1993_5802_4178.JPG,1,0,1,0,0,1,0,0,0,0,0,1,0,0,0
ID_URKZF06UDC,190_repeat_2_1301_6185_4548.JPG,1,0,1,0,0,1,0,0,0,0,0,1,0,0,0
ID_9X8KRMEDWT,L1136F03499C01S01505Rp04988.jpg,1,0,1,0,0,1,0,0,0,0,0,0,0,1,0
ID_VS6RGOK2OQ,L361F00186C01S07539Rp23411.jpg,0,0,0,0,1,0,0,1,0,0,0,0,1,0,0
ID_BJJQK76SY2,L341F00948C01S00363Rp01628.jpg,0,0,0,0,1,0,0,0,0,0,1,0,0,1,0
ID_V4XWJ5PDUT,L131F03901C01S07659Rp26963.jpg,1,0,0,0,1,1,0,0,0,0,0,0,1,0,0
ID_7YKY7LK0ZV,L1093F01350C01S07104Rp15783.jpg,0,0,0,1,0,0,0,1,0,0,0,0,1,0,0
ID_7BQF8B57VM,L1136F00959C39S11641Rp41156.jpg,1,0,1,0,0,1,0,0,0,0,0,0,0,0,1
ID_X9TRKAXSG6,L1094F03321C39S11736Rp43356.jpg,1,1,0,0,0,1,0,0,0,0,0,0,0,0,1
ID_9JMOUJRORE,L354F03993C01S01042Rp14978.jpg,1,0,1,0,0,1,0,0,0,0,0,0,0,1,0
ID_AU9MT5W2FC,L133F03263C39S14041Rp48124.jpg,1,0,1,0,0,1,0,0,0,0,0,0,0,0,1
ID_HRP9BAJWII,L361F00186C39S14056Rp48182.jpg,0,0,1,0,0,0,0,0,0,0,1,0,0,0,1
ID_OWZRR2TFPZ,L134F00843C39S14206Rp41177.jpg,0,0,0,0,1,0,0,1,0,0,0,0,0,0,1
ID_W2QSZOSCL3,L1089F03143C39S11635Rp33392.jpg,0,1,0,0,0,0,0,0,0,0,1,0,0,0,1
ID_TFSCZF0PR6,L1144F00069C01S08546Rp29398.jpg,0,0,1,0,0,0,0,0,0,0,1,0,1,0,0
ID_ED7195ZVVA,L371F00109C39S12865Rp46880.jpg,0,0,0,0,1,0,0,1,0,0,0,0,0,0,1
ID_DJEEG0MUS7,L134F00092C39S12835Rp43022.jpg,0,0,1,0,0,0,0,0,0,0,1,0,0,0,1
ID_R14T1OXCKE,L141F01953C01S07015Rp21358.jpg,0,1,0,0,0,0,0,0,0,0,1,0,1,0,0
ID_MX5DES71HZ,L134F00874C01S05261Rp14049.jpg,1,0,1,0,0,1,0,0,0,0,0,0,0,1,0
ID_1SFTMH6M0B,L134F04230C01S09709Rp31372.jpg,1,0,1,0,0,1,0,0,0,0,0,0,1,0,0
ID_20D1QZEKOS,L1095F01338C01S00990Rp08633.jpg,1,0,1,0,0,1,0,0,0,0,0,0,0,1,0
ID_EX4M2RHH0Y,L133F03579C39S14740Rp42007.jpg,0,1,0,0,0,0,0,0,0,0,1,0,0,0,1
ID_LDEKVUPJEW,L1093F00014C01S07397Rp26729.jpg,1,0,0,0,1,1,0,0,0,0,0,0,1,0,0
ID_9WC14WRLMF,L428F00327C01S01374Rp10316.jpg,0,0,0,0,1,0,0,0,0,0,1,0,0,1,0
ID_AYE300EJ8S,L376F04688C39S12379Rp47008.jpg,1,0,0,1,0,1,0,0,0,0,0,0,0,0,1
ID_F31ZN10H1J,L331F04053C39S14002Ip.jpg,0,0,0,1,0,0,0,0,0,0,1,0,0,0,1
ID_SUMT19S9F3,L323F03132C39S13057Rp42634.jpg,0,1,0,0,0,0,0,1,0,0,0,0,0,0,1
ID_R6B21WIA1F,L361F02341C01S03420Rp13110.jpg,1,0,1,0,0,1,0,0,0,0,0,0,0,1,0
ID_HDFSVKTRCF,L231F01717C40S14543Rp46037.jpg,1,0,0,0,1,1,0,0,0,0,0,0,0,0,1
ID_717KJAJ1PW,28_repeat_2_1035_1507_1095.JPG,0,0,0,0,1,0,0,0,0,0,1,1,0,0,0
ID_SUPUEUTHU7,L1115F00029C39S11829Ip.jpg,0,0,0,0,1,0,0,0,0,0,1,0,0,0,1
ID_XBJ6E1PKSG,L1094F01306C01S01318Rp01263.jpg,0,0,0,0,1,0,0,0,0,0,1,0,0,1,0
ID_7YZ0IB4BWZ,L134F04023C01S08195Rp16177.jpg,0,0,0,0,1,0,0,0,0,0,1,0,1,0,0
ID_KQKGIICB35,L124F02486C01S00945Rp08621.jpg,0,1,0,0,0,0,0,1,0,0,0,0,0,1,0
ID_6NIXWIP5NX,L410F02693C01S01335Rp14831.jpg,1,0,1,0,0,1,0,0,0,0,0,0,0,1,0
ID_4VRT2IK47Y,L323F00157C01S00044Rp14630.jpg,1,0,1,0,0,1,0,0,0,0,0,0,0,1,0
ID_30MC0DL0RW,L415F00225C39S12573Rp43442.jpg,0,0,0,0,1,0,0,0,0,0,1,0,0,0,1
ID_2HEHHRGQSC,L435F01319C39S14962Rp48213.jpg,1,1,0,0,0,1,0,0,0,0,0,0,0,0,1
ID_4K8EMFOU23,L134F04021C01S02976Rp13607.jpg,1,0,1,0,0,1,0,0,0,0,0,0,0,1,0
ID_TMCD2HLZOG,71_repeat_2_1287_5939_4282.JPG,1,0,1,0,0,1,0,0,0,0,0,1,0,0,0
ID_E7FD7ZRNRX,L141F03298C01S03238Rp13613.jpg,1,0,1,0,0,1,0,0,0,0,0,0,0,1,0
ID_D9SJRBH1IP,L426F00475C40S14969Rp47043.jpg,1,0,1,0,0,1,0,0,0,0,0,0,0,0,1
ID_8E76RY95MU,L134F00806C01S05234Rp10937.jpg,0,0,1,0,0,0,0,1,0,0,0,0,0,1,0
ID_OMF9IU00WP,L430F01139C39S13918Rp45337.jpg,0,0,0,0,1,0,0,0,0,0,1,0,0,0,1
ID_CMGSI2J5LZ,L121F03179C01S02660Rp14758.jpg,1,0,1,0,0,1,0,0,0,0,0,0,0,1,0
ID_TBPM21QZW5,L342F03302C39S14282Ip.jpg,0,0,0,1,0,0,0,1,0,0,0,0,0,0,1
ID_GDN8VJS8I4,L1155F04255C01S08214Rp28888.jpg,1,0,1,0,0,1,0,0,0,0,0,0,1,0,0
ID_M9NF6POO3A,L1095F01460C01S00680Rp09211.jpg,1,0,1,0,0,1,0,0,0,0,0,0,0,1,0
ID_V812X1NOSB,L436F00203C39S12381Dp48598.jpg,1,0,1,0,0,1,0,0,0,0,0,0,0,0,1
ID_DF8T4O0CLR,129_repeat_2_2830_4125_2701.JPG,1,0,1,0,0,1,0,0,0,0,0,1,0,0,0
ID_OM4HUV2WX6,L326F01740C01S03145Rp13958.jpg,1,0,1,0,0,1,0,0,0,0,0,0,0,1,0
ID_5BOTYMAEAU,L371F04398C03S10115Rp27682.jpg,0,0,1,0,0,0,0,1,0,0,0,0,1,0,0
ID_8Z267CP37N,28_repeat_2_1041_6080_4448.JPG,1,0,1,0,0,1,0,0,0,0,0,1,0,0,0
ID_AJF3ZCYMOY,L113F00071C01S03861Rp14738.jpg,1,0,1,0,0,1,0,0,0,0,0,0,0,1,0
ID_R082Z6286P,L1084F02327C39S11536Ip.jpg,0,0,0,0,1,0,0,0,0,0,1,0,0,0,1
ID_XP5KZWID2O,L429F03239C39S14836Rp49050.jpg,1,1,0,0,0,1,0,0,0,0,0,0,0,0,1
ID_2XIFNDN2T0,L221F02171C01S03347Rp14241.jpg,1,0,1,0,0,1,0,0,0,0,0,0,0,1,0
ID_UGHGJ05L5J,L354F03993C01S01042Rp14989.jpg,1,0,1,0,0,1,0,0,0,0,0,0,0,1,0
ID_EHXPXMPOGO,L341F01861C01S08112Rp31179.jpg,1,0,1,0,0,1,0,0,0,0,0,0,1,0,0
ID_HZZFGIAVT8,214_repeat_2_2418_6317_4687.JPG,1,0,1,0,0,1,0,0,0,0,0,1,0,0,0
ID_CWR868O80G,L371F04458C39S12526Rp48267.jpg,1,0,1,0,0,1,0,0,0,0,0,0,0,0,1
ID_0PQY43TRY5,L355F02274C03S08912Rp23905.jpg,0,0,0,0,1,0,0,1,0,0,0,0,1,0,0
ID_WYOGL9TZUO,L1124F02013C01S06838Rp15499.jpg,0,0,0,1,0,0,0,1,0,0,0,0,1,0,0
ID_QHWBXH8CS3,L354F03989C39S13391Rp48797.jpg,0,0,1,0,0,0,0,0,0,0,1,0,0,0,1
ID_JLLSSKQPYA,L415F01160C39S14146Rp47963.jpg,0,1,0,0,0,0,0,1,0,0,0,0,0,0,1
ID_1VDJKEADCD,L222F00905C01S03354Rp14126.jpg,1,0,1,0,0,1,0,0,0,0,0,0,0,1,0
ID_09EME706GV,L1132F04283C01S07507Rp16791.jpg,0,0,0,1,0,0,0,0,0,0,1,0,1,0,0
ID_2IQGYLL5ME,L122F00078C01S06784Rp28746.jpg,0,0,1,0,0,0,0,1,0,0,0,0,1,0,0
ID_2NY0JABCJJ,L1155F00062C01S00047Rp10949.jpg,1,0,1,0,0,1,0,0,0,0,0,0,0,1,0
ID_AZRQIE3166,L232F04080C03S09609Rp26170.jpg,1,0,1,0,0,1,0,0,0,0,0,0,1,0,0
ID_84CCOSUEH5,L428F01707C39S12400Rp45825.jpg,0,0,0,0,1,0,0,0,0,0,1,0,0,0,1
ID_BVZBFDF6SV,L354F03934C39S14687Rp42975.jpg,0,1,0,0,0,0,0,0,0,0,1,0,0,0,1
ID_E6Y9LKBSLZ,L133F00686C01S01088Rp13556.jpg,1,0,1,0,0,1,0,0,0,0,0,0,0,1,0
ID_MBX7V8EVAY,L121F00588C01S08468Rp22440.jpg,0,0,1,0,0,0,0,1,0,0,0,0,1,0,0
ID_VMHS045DD8,L133F00270C01S05312Rp14533.jpg,1,0,1,0,0,1,0,0,0,0,0,0,0,1,0
ID_R35BAEVIYP,L429F01804C39S14281Rp48304.jpg,1,1,0,0,0,1,0,0,0,0,0,0,0,0,1
ID_YRGRKZY61R,L1095F03195C39S12101Rp41763.jpg,1,0,1,0,0,1,0,0,0,0,0,0,0,0,1
ID_5XLQP321QP,L113F02080C01S04781Rp12919.jpg,0,0,1,0,0,0,0,0,1,0,0,0,0,1,0
ID_6DFEWYYW4X,L222F03387C01S03039Rp07451.jpg,0,1,0,0,0,0,0,0,0,0,1,0,0,1,0
ID_3QD9H8BQ2W,L361F01590C39S12757Rp32719.jpg,0,0,0,1,0,0,0,1,0,0,0,0,0,0,1
ID_9F9CZSAQSP,L433F00271C01S01732Rp11490.jpg,0,1,0,0,0,0,0,0,0,0,1,0,0,1,0
ID_LU8J2F2N1J,L113F02965C01S10044Rp25343.jpg,0,0,0,0,1,0,0,1,0,0,0,0,1,0,0
ID_64J8F13DP8,L222F01915C01S06828Rp15112.jpg,0,0,0,1,0,0,0,0,0,0,1,0,1,0,0
ID_3PC9UDILNZ,L144F00939C01S00640Rp13822.jpg,1,0,1,0,0,1,0,0,0,0,0,0,0,1,0
ID_FNFQ4N1ANG,L133F02739C39S14305Rp46795.jpg,1,0,0,0,1,1,0,0,0,0,0,0,0,0,1
ID_JN0NZPXGPY,L1155F04256C01S07831Rp18838.jpg,0,0,0,0,1,0,0,1,0,0,0,0,1,0,0
ID_WYI3TQYVZL,L331F04681C39S14134Ip.jpg,0,0,0,1,0,0,0,0,0,0,1,0,0,0,1
ID_W1382QZ996,L435F01105C39S14950Rp42506.jpg,0,0,0,0,1,0,0,0,0,0,1,0,0,0,1
ID_FPXAIWWWFY,L134F00843C39S14206Rp47697.jpg,1,1,0,0,0,1,0,0,0,0,0,0,0,0,1
ID_OXFTZMZHJ8,10_repeat_2_1294_3486_2230.JPG,0,1,0,0,0,0,0,0,0,0,1,1,0,0,0
ID_3DWDFB4FDY,L121F03212C39S12728Rp36029.jpg,0,0,0,0,1,0,0,1,0,0,0,0,0,0,1
ID_OYTC5807DV,L144F00921C01S00278Rp14661.jpg,1,0,1,0,0,1,0,0,0,0,0,0,0,1,0
ID_6SPA431AG9,L1095F00012C01S00174Rp08388.jpg,1,0,1,0,0,1,0,0,0,0,0,0,0,1,0
ID_AMH99C8IUT,L406F04357C39S12394Rp49351.jpg,1,0,1,0,0,1,0,0,0,0,0,0,0,0,1
ID_SB7OLNNZM2,L134F04228C01S09707Rp25752.jpg,1,0,1,0,0,1,0,0,0,0,0,0,1,0,0
ID_MF7TVAKB6E,L1084F02124C01S02995Rp09995.jpg,1,0,1,0,0,1,0,0,0,0,0,0,0,1,0
ID_SPHQLCR0F5,L354F00276C01S02543Rp14819.jpg,1,0,1,0,0,1,0,0,0,0,0,0,0,1,0
ID_CA7ZR803F2,L1122F01513C39S12130Dp42201.jpg,1,0,1,0,0,1,0,0,0,0,0,0,0,0,1
ID_PHWSA2FC77,202_repeat_2_1424_4613_2995.JPG,0,1,0,0,0,0,0,0,0,1,0,1,0,0,0
ID_1W8MHPD0W3,L353F01377C01S07381Rp18179.jpg,0,0,0,0,1,0,0,1,0,0,0,0,1,0,0
ID_9NYIVYBAA3,L1083F03269C01S08097Rp21061.jpg,0,1,0,0,0,0,0,0,0,0,1,0,1,0,0
ID_VI9U5T5SDT,171_repeat_2_2291_3675_2406.JPG,1,0,1,0,0,1,0,0,0,0,0,1,0,0,0
ID_2NRNCBPSCA,L1136F00047C01S00107Rp07653.jpg,1,0,1,0,0,1,0,0,0,0,0,0,0,1,0
ID_W9DYN4YZRB,L1149F02749C01S10117Rp22210.jpg,0,1,0,0,0,0,0,1,0,0,0,0,1,0,0
ID_A643A7BDP9,L1136F03631C01S00106Rp02714.jpg,1,0,1,0,0,1,0,0,0,0,0,0,0,1,0
ID_YJQLVUXG44,L144F01202C39S12513Dp35441.jpg,1,0,0,0,1,1,0,0,0,0,0,0,0,0,1
ID_R6AZ56IUQ5,L144F00679C01S07464Rp26388.jpg,1,1,0,0,0,1,0,0,0,0,0,0,1,0,0
ID_KBBX924931,L1122F02550C39S14372Rp40319.jpg,1,1,0,0,0,1,0,0,0,0,0,0,0,0,1
ID_PC1VT9AN1H,47_repeat_2_2378_5458_3841.JPG,0,1,0,0,0,0,0,0,0,0,1,1,0,0,0
ID_JDWHEUPIXP,L430F03396C39S14099Rp48466.jpg,1,1,0,0,0,1,0,0,0,0,0,0,0,0,1
ID_EHYZ2XJ7UI,L1094F04268C39S11963Rp37465.jpg,0,0,1,0,0,0,0,1,0,0,0,0,0,0,1
ID_KG0DEUMOTT,L134F00821C01S05238Rp14044.jpg,1,0,1,0,0,1,0,0,0,0,0,0,0,1,0
ID_RL2MP6JYTD,L144F01673C01S01718Rp13858.jpg,1,0,1,0,0,1,0,0,0,0,0,0,0,1,0
ID_OI9XBPV8VR,L1094F01464C39S11542Ip.jpg,0,0,0,0,1,0,0,0,0,0,1,0,0,0,1
ID_IR1VCLIW6E,L321F01945C39S13157Rp46806.jpg,0,0,1,0,0,0,0,1,0,0,0,0,0,0,1
ID_EX2ZUUF0OD,L1083F01382C01S00919Rp07921.jpg,1,0,1,0,0,1,0,0,0,0,0,0,0,1,0
ID_IWQCZY3H2Y,L1116F00909C01S00803Rp00483.jpg,0,1,0,0,0,0,0,1,0,0,0,0,0,1,0
ID_DZDDJHAZRZ,10_repeat_2_1292_6333_4706.JPG,1,0,1,0,0,1,0,0,0,0,0,1,0,0,0
ID_17UAZW6G8Z,L1149F00980C01S09716Rp29205.jpg,0,0,1,0,0,0,0,0,0,0,1,0,1,0,0
ID_PQ5CMPBCRW,L124F02764C39S13530Rp33461.jpg,0,0,0,0,1,0,0,1,0,0,0,0,0,0,1
ID_79XLBKGJNH,L311F00639C01S00888Rp02353.jpg,1,0,1,0,0,1,0,0,0,0,0,0,0,1,0
ID_6RMCJFND0L,L133F01216C39S14531Ip.jpg,0,0,0,1,0,0,0,1,0,0,0,0,0,0,1
ID_B6UQS3RMB7,L122F03121C01S02834Rp14675.jpg,1,0,1,0,0,1,0,0,0,0,0,0,0,1,0
ID_DYEPASAQPQ,L121F01244C42S12739Rp33071.jpg,0,0,0,1,0,0,0,1,0,0,0,0,0,0,1
ID_LNJSCOA7MC,L1094F04338C01S07345Rp27516.jpg,0,1,0,0,0,0,0,1,0,0,0,0,1,0,0
ID_6WL3AF6YVL,L1083F01448C01S00153Rp10348.jpg,1,0,1,0,0,1,0,0,0,0,0,0,0,1,0
ID_DAGF4RWWN6,L326F00156C01S06977Rp30394.jpg,1,1,0,0,0,1,0,0,0,0,0,0,1,0,0
ID_DZYPAUKHPR,L144F00100C01S00198Rp13578.jpg,1,0,1,0,0,1,0,0,0,0,0,0,0,1,0
ID_5IZBRDVE3E,L342F02109C01S03391Rp13549.jpg,1,0,1,0,0,1,0,0,0,0,0,0,0,1,0
ID_Q3RY41UFHM,L428F00327C39S12375Rp49030.jpg,1,0,1,0,0,1,0,0,0,0,0,0,0,0,1
ID_DQLIUPOYCN,L1130F03509C01S07594Rp17788.jpg,0,0,0,0,1,0,0,1,0,0,0,0,1,0,0
ID_0K7GDI6LH5,L1094F03303C01S07763Rp17682.jpg,0,0,0,1,0,0,0,1,0,0,0,0,1,0,0
ID_7PLT5EDSPA,L326F03128C01S06984Rp16586.jpg,0,0,0,0,1,0,0,0,0,0,1,0,1,0,0
ID_FE3TG43VIK,L1155F00062C01S00047Rp09399.jpg,1,0,1,0,0,1,0,0,0,0,0,0,0,1,0
ID_QKHEM0V3V2,L1089F00016C39S11725Dp41977.jpg,1,0,1,0,0,1,0,0,0,0,0,0,0,0,1
ID_INDU9T7HU5,L405F05544C39S14201Rp49291.jpg,1,1,0,0,0,1,0,0,0,0,0,0,0,0,1
ID_LL351CBW1Z,L322F03549C39S12953Rp35315.jpg,0,0,0,0,1,0,0,1,0,0,0,0,0,0,1
ID_E84Q9XSM0K,16_repeat_2_1028_5634_4003.JPG,1,0,1,0,0,1,0,0,0,0,0,1,0,0,0
ID_OZ70VF3QFK,L121F02303C01S10708Rp25522.jpg,0,0,1,0,0,0,0,1,0,0,0,0,1,0,0
ID_JUU2XG0WZJ,L133F00087C39S14336Rp47508.jpg,1,0,1,0,0,1,0,0,0,0,0,0,0,0,1
ID_MOKS9HIIFT,L133F00087C01S02744Rp13536.jpg,1,0,1,0,0,1,0,0,0,0,0,0,0,1,0
ID_C4J03Z4S9E,10_repeat_2_1292_6047_4409.JPG,1,0,1,0,0,1,0,0,0,0,0,1,0,0,0
ID_5MVZQGBR1S,L430F00205C39S13498Rp41631.jpg,0,0,0,0,1,0,0,0,0,0,1,0,0,0,1
ID_O85EGZYRT9,L371F00382C01S04511Rp12692.jpg,0,1,0,0,0,0,0,0,0,0,1,0,0,1,0
ID_TT14J7822M,L354F03909C39S14692Ip.jpg,0,0,0,1,0,0,0,0,0,0,1,0,0,0,1
ID_464FI0ZWJ8,L354F03986C39S13313Rp42345.jpg,0,1,0,0,0,0,0,1,0,0,0,0,0,0,1
ID_OHMQUY73AY,L221F02010C01S08477Rp16147.jpg,0,0,0,0,1,0,0,0,0,0,1,0,1,0,0
ID_RH9Z3P663Y,L428F00919C01S00396Rp09678.jpg,0,1,0,0,0,0,0,0,0,0,1,0,0,1,0
ID_63CME4QEFX,L241F03002C40S13205Rp44228.jpg,0,1,0,0,0,0,0,1,0,0,0,0,0,0,1
ID_Q2V01OVRHE,L1123F03040C39S11949Rp42348.jpg,1,0,1,0,0,1,0,0,0,0,0,0,0,0,1
ID_PI4TUC6U7T,L342F02128C01S03419Rp13568.jpg,1,0,1,0,0,1,0,0,0,0,0,0,0,1,0
ID_YR4O109ASP,L133F00979C39S14339Rp47510.jpg,1,0,1,0,0,1,0,0,0,0,0,0,0,0,1
ID_1HGLIMO06J,L342F01845C39S14028Rp48896.jpg,1,0,1,0,0,1,0,0,0,0,0,0,0,0,1
ID_WOL1OORZZY,L1115F00424C39S12163Rp38691.jpg,0,0,0,1,0,0,0,1,0,0,0,0,0,0,1
ID_OJHUFG3688,L134F00089C01S02645Rp12322.jpg,1,0,1,0,0,1,0,0,0,0,0,0,0,1,0
ID_NMIFI2W1EC,L1133F01668C39S12190Rp41879.jpg,1,0,1,0,0,1,0,0,0,0,0,0,0,0,1
ID_67TM9HTEH9,L231F00243C41S12142Rp46799.jpg,1,0,1,0,0,1,0,0,0,0,0,0,0,0,1
ID_P60EPRV10G,L398F03135C01S08651Rp23153.jpg,0,0,0,0,1,0,0,1,0,0,0,0,1,0,0
ID_RFXLO7R85I,L410F02818C01S08296Rp16441.jpg,0,0,0,1,0,0,0,0,0,0,1,0,1,0,0
ID_25B3XMZI9D,L361F01590C01S02626Rp01113.jpg,0,0,0,0,1,0,0,0,0,0,1,0,0,1,0
ID_KNO79OZ38X,L1094F04268C39S11963Rp41766.jpg,1,0,1,0,0,1,0,0,0,0,0,0,0,0,1
ID_QE0JUMMXA4,L122F00609C01S06785Rp15340.jpg,0,0,0,0,1,0,0,0,0,0,1,0,1,0,0
ID_JP3MFDOJ5B,L124F00563C01S00122Rp03930.jpg,0,0,0,0,1,0,0,1,0,0,0,0,0,1,0
ID_FURIJSYRHH,L141F01250C39S12824Rp45795.jpg,0,1,0,0,0,0,0,1,0,0,0,0,0,0,1
ID_WVPZJDI8N7,L1133F00048C39S12412Rp38541.jpg,0,0,1,0,0,0,0,0,0,0,1,0,0,0,1
ID_XAQP65UV9A,L121F02011C01S07349Rp23803.jpg,0,0,1,0,0,0,0,1,0,0,0,0,1,0,0
ID_7SW8KC6TBL,L321F01949C01S05642Rp14670.jpg,1,0,1,0,0,1,0,0,0,0,0,0,0,1,0
ID_NTFJEQ8DMZ,L221F03181C01S03346Rp02400.jpg,0,0,0,0,1,0,0,0,0,0,1,0,0,1,0
